final_feature_index,feature_name,source
0,RDKIT::MaxAbsEStateIndex,RDKit
1,RDKIT::MinAbsEStateIndex,RDKit
2,RDKIT::MinEStateIndex,RDKit
3,RDKIT::qed,RDKit
4,RDKIT::SPS,RDKit
5,RDKIT::MolWt,RDKit
6,RDKIT::NumValenceElectrons,RDKit
7,RDKIT::MaxPartialCharge,RDKit
8,RDKIT::MinPartialCharge,RDKit
9,RDKIT::MinAbsPartialCharge,RDKit
10,RDKIT::FpDensityMorgan1,RDKit
11,RDKIT::FpDensityMorgan2,RDKit
12,RDKIT::FpDensityMorgan3,RDKit
13,RDKIT::BCUT2D_MWHI,RDKit
14,RDKIT::BCUT2D_MWLOW,RDKit
15,RDKIT::BCUT2D_CHGHI,RDKit
16,RDKIT::BCUT2D_CHGLO,RDKit
17,RDKIT::BCUT2D_LOGPHI,RDKit
18,RDKIT::BCUT2D_LOGPLOW,RDKit
19,RDKIT::BCUT2D_MRHI,RDKit
20,RDKIT::BCUT2D_MRLOW,RDKit
21,RDKIT::AvgIpc,RDKit
22,RDKIT::BalabanJ,RDKit
23,RDKIT::BertzCT,RDKit
24,RDKIT::Chi0,RDKit
25,RDKIT::Chi0n,RDKit
26,RDKIT::Chi0v,RDKit
27,RDKIT::Chi1,RDKit
28,RDKIT::Chi1n,RDKit
29,RDKIT::Chi1v,RDKit
30,RDKIT::Chi2n,RDKit
31,RDKIT::Chi2v,RDKit
32,RDKIT::Chi3n,RDKit
33,RDKIT::Chi3v,RDKit
34,RDKIT::Chi4n,RDKit
35,RDKIT::Chi4v,RDKit
36,RDKIT::HallKierAlpha,RDKit
37,RDKIT::Ipc,RDKit
38,RDKIT::Kappa1,RDKit
39,RDKIT::Kappa2,RDKit
40,RDKIT::Kappa3,RDKit
41,RDKIT::LabuteASA,RDKit
42,RDKIT::PEOE_VSA1,RDKit
43,RDKIT::PEOE_VSA10,RDKit
44,RDKIT::PEOE_VSA11,RDKit
45,RDKIT::PEOE_VSA12,RDKit
46,RDKIT::PEOE_VSA13,RDKit
47,RDKIT::PEOE_VSA14,RDKit
48,RDKIT::PEOE_VSA2,RDKit
49,RDKIT::PEOE_VSA3,RDKit
50,RDKIT::PEOE_VSA4,RDKit
51,RDKIT::PEOE_VSA5,RDKit
52,RDKIT::PEOE_VSA6,RDKit
53,RDKIT::PEOE_VSA7,RDKit
54,RDKIT::PEOE_VSA8,RDKit
55,RDKIT::PEOE_VSA9,RDKit
56,RDKIT::SMR_VSA1,RDKit
57,RDKIT::SMR_VSA10,RDKit
58,RDKIT::SMR_VSA2,RDKit
59,RDKIT::SMR_VSA3,RDKit
60,RDKIT::SMR_VSA4,RDKit
61,RDKIT::SMR_VSA5,RDKit
62,RDKIT::SMR_VSA6,RDKit
63,RDKIT::SMR_VSA7,RDKit
64,RDKIT::SMR_VSA9,RDKit
65,RDKIT::SlogP_VSA1,RDKit
66,RDKIT::SlogP_VSA10,RDKit
67,RDKIT::SlogP_VSA11,RDKit
68,RDKIT::SlogP_VSA12,RDKit
69,RDKIT::SlogP_VSA2,RDKit
70,RDKIT::SlogP_VSA3,RDKit
71,RDKIT::SlogP_VSA4,RDKit
72,RDKIT::SlogP_VSA5,RDKit
73,RDKIT::SlogP_VSA6,RDKit
74,RDKIT::SlogP_VSA7,RDKit
75,RDKIT::SlogP_VSA8,RDKit
76,RDKIT::TPSA,RDKit
77,RDKIT::EState_VSA1,RDKit
78,RDKIT::EState_VSA10,RDKit
79,RDKIT::EState_VSA2,RDKit
80,RDKIT::EState_VSA3,RDKit
81,RDKIT::EState_VSA4,RDKit
82,RDKIT::EState_VSA5,RDKit
83,RDKIT::EState_VSA6,RDKit
84,RDKIT::EState_VSA7,RDKit
85,RDKIT::EState_VSA8,RDKit
86,RDKIT::EState_VSA9,RDKit
87,RDKIT::VSA_EState1,RDKit
88,RDKIT::VSA_EState10,RDKit
89,RDKIT::VSA_EState2,RDKit
90,RDKIT::VSA_EState3,RDKit
91,RDKIT::VSA_EState4,RDKit
92,RDKIT::VSA_EState5,RDKit
93,RDKIT::VSA_EState6,RDKit
94,RDKIT::VSA_EState7,RDKit
95,RDKIT::VSA_EState8,RDKit
96,RDKIT::VSA_EState9,RDKit
97,RDKIT::FractionCSP3,RDKit
98,RDKIT::NHOHCount,RDKit
99,RDKIT::NOCount,RDKit
100,RDKIT::NumAliphaticCarbocycles,RDKit
101,RDKIT::NumAliphaticHeterocycles,RDKit
102,RDKIT::NumAliphaticRings,RDKit
103,RDKIT::NumAmideBonds,RDKit
104,RDKIT::NumAromaticCarbocycles,RDKit
105,RDKIT::NumAromaticHeterocycles,RDKit
106,RDKIT::NumAromaticRings,RDKit
107,RDKIT::NumAtomStereoCenters,RDKit
108,RDKIT::NumBridgeheadAtoms,RDKit
109,RDKIT::NumHAcceptors,RDKit
110,RDKIT::NumHDonors,RDKit
111,RDKIT::NumHeteroatoms,RDKit
112,RDKIT::NumHeterocycles,RDKit
113,RDKIT::NumRotatableBonds,RDKit
114,RDKIT::NumSaturatedCarbocycles,RDKit
115,RDKIT::NumSaturatedHeterocycles,RDKit
116,RDKIT::NumSaturatedRings,RDKit
117,RDKIT::NumSpiroAtoms,RDKit
118,RDKIT::Phi,RDKit
119,RDKIT::RingCount,RDKit
120,RDKIT::MolLogP,RDKit
121,RDKIT::MolMR,RDKit
122,RDKIT::fr_Al_COO,RDKit
123,RDKIT::fr_Al_OH,RDKit
124,RDKIT::fr_Al_OH_noTert,RDKit
125,RDKIT::fr_ArN,RDKit
126,RDKIT::fr_Ar_COO,RDKit
127,RDKIT::fr_Ar_N,RDKit
128,RDKIT::fr_Ar_NH,RDKit
129,RDKIT::fr_Ar_OH,RDKit
130,RDKIT::fr_COO,RDKit
131,RDKIT::fr_C_O,RDKit
132,RDKIT::fr_C_O_noCOO,RDKit
133,RDKIT::fr_HOCCN,RDKit
134,RDKIT::fr_NH0,RDKit
135,RDKIT::fr_NH1,RDKit
136,RDKIT::fr_NH2,RDKit
137,RDKIT::fr_Ndealkylation1,RDKit
138,RDKIT::fr_Ndealkylation2,RDKit
139,RDKIT::fr_alkyl_carbamate,RDKit
140,RDKIT::fr_alkyl_halide,RDKit
141,RDKIT::fr_allylic_oxid,RDKit
142,RDKIT::fr_aniline,RDKit
143,RDKIT::fr_aryl_methyl,RDKit
144,RDKIT::fr_bicyclic,RDKit
145,RDKIT::fr_ester,RDKit
146,RDKIT::fr_ether,RDKit
147,RDKIT::fr_furan,RDKit
148,RDKIT::fr_halogen,RDKit
149,RDKIT::fr_imidazole,RDKit
150,RDKIT::fr_imide,RDKit
151,RDKIT::fr_methoxy,RDKit
152,RDKIT::fr_morpholine,RDKit
153,RDKIT::fr_nitro,RDKit
154,RDKIT::fr_nitro_arom_nonortho,RDKit
155,RDKIT::fr_oxazole,RDKit
156,RDKIT::fr_para_hydroxylation,RDKit
157,RDKIT::fr_phenol,RDKit
158,RDKIT::fr_phenol_noOrthoHbond,RDKit
159,RDKIT::fr_piperdine,RDKit
160,RDKIT::fr_piperzine,RDKit
161,RDKIT::fr_priamide,RDKit
162,RDKIT::fr_prisulfonamd,RDKit
163,RDKIT::fr_pyridine,RDKit
164,RDKIT::fr_sulfide,RDKit
165,RDKIT::fr_sulfonamd,RDKit
166,RDKIT::fr_sulfone,RDKit
167,RDKIT::fr_tetrazole,RDKit
168,RDKIT::fr_thiazole,RDKit
169,RDKIT::fr_thiophene,RDKit
170,RDKIT::fr_unbrch_alkane,RDKit
171,RDKIT::fr_urea,RDKit
172,MORDRED::ABCGG,Mordred
173,MORDRED::nAcid,Mordred
174,MORDRED::nBase,Mordred
175,MORDRED::SpMax_A,Mordred
176,MORDRED::SpDiam_A,Mordred
177,MORDRED::SpMAD_A,Mordred
178,MORDRED::VE1_A,Mordred
179,MORDRED::VE2_A,Mordred
180,MORDRED::VE3_A,Mordred
181,MORDRED::VR1_A,Mordred
182,MORDRED::VR3_A,Mordred
183,MORDRED::nAromAtom,Mordred
184,MORDRED::nAtom,Mordred
185,MORDRED::nH,Mordred
186,MORDRED::nC,Mordred
187,MORDRED::nN,Mordred
188,MORDRED::nO,Mordred
189,MORDRED::nS,Mordred
190,MORDRED::nF,Mordred
191,MORDRED::nBr,Mordred
192,MORDRED::ATS0dv,Mordred
193,MORDRED::ATS1dv,Mordred
194,MORDRED::ATS2dv,Mordred
195,MORDRED::ATS3dv,Mordred
196,MORDRED::ATS4dv,Mordred
197,MORDRED::ATS5dv,Mordred
198,MORDRED::ATS6dv,Mordred
199,MORDRED::ATS7dv,Mordred
200,MORDRED::ATS8dv,Mordred
201,MORDRED::ATS0d,Mordred
202,MORDRED::ATS2d,Mordred
203,MORDRED::ATS3d,Mordred
204,MORDRED::ATS4d,Mordred
205,MORDRED::ATS5d,Mordred
206,MORDRED::ATS6d,Mordred
207,MORDRED::ATS7d,Mordred
208,MORDRED::ATS8d,Mordred
209,MORDRED::ATS0s,Mordred
210,MORDRED::ATS1s,Mordred
211,MORDRED::ATS2s,Mordred
212,MORDRED::ATS3s,Mordred
213,MORDRED::ATS4s,Mordred
214,MORDRED::ATS5s,Mordred
215,MORDRED::ATS6s,Mordred
216,MORDRED::ATS7s,Mordred
217,MORDRED::ATS8s,Mordred
218,MORDRED::ATS0Z,Mordred
219,MORDRED::ATS1Z,Mordred
220,MORDRED::ATS2Z,Mordred
221,MORDRED::ATS3Z,Mordred
222,MORDRED::ATS4Z,Mordred
223,MORDRED::ATS5Z,Mordred
224,MORDRED::ATS6Z,Mordred
225,MORDRED::ATS7Z,Mordred
226,MORDRED::ATS8Z,Mordred
227,MORDRED::ATS1v,Mordred
228,MORDRED::ATS2v,Mordred
229,MORDRED::ATS3v,Mordred
230,MORDRED::ATS4v,Mordred
231,MORDRED::ATS5v,Mordred
232,MORDRED::ATS6v,Mordred
233,MORDRED::ATS7v,Mordred
234,MORDRED::ATS8v,Mordred
235,MORDRED::ATS0se,Mordred
236,MORDRED::ATS2se,Mordred
237,MORDRED::ATS3se,Mordred
238,MORDRED::ATS4se,Mordred
239,MORDRED::ATS5se,Mordred
240,MORDRED::ATS6se,Mordred
241,MORDRED::ATS7se,Mordred
242,MORDRED::ATS8se,Mordred
243,MORDRED::ATS0p,Mordred
244,MORDRED::ATS1p,Mordred
245,MORDRED::ATS2p,Mordred
246,MORDRED::ATS3p,Mordred
247,MORDRED::ATS4p,Mordred
248,MORDRED::ATS5p,Mordred
249,MORDRED::ATS6p,Mordred
250,MORDRED::ATS7p,Mordred
251,MORDRED::AATS0dv,Mordred
252,MORDRED::AATS1dv,Mordred
253,MORDRED::AATS2dv,Mordred
254,MORDRED::AATS3dv,Mordred
255,MORDRED::AATS4dv,Mordred
256,MORDRED::AATS5dv,Mordred
257,MORDRED::AATS6dv,Mordred
258,MORDRED::AATS7dv,Mordred
259,MORDRED::AATS8dv,Mordred
260,MORDRED::AATS0d,Mordred
261,MORDRED::AATS1d,Mordred
262,MORDRED::AATS2d,Mordred
263,MORDRED::AATS3d,Mordred
264,MORDRED::AATS4d,Mordred
265,MORDRED::AATS5d,Mordred
266,MORDRED::AATS6d,Mordred
267,MORDRED::AATS7d,Mordred
268,MORDRED::AATS8d,Mordred
269,MORDRED::AATS0s,Mordred
270,MORDRED::AATS1s,Mordred
271,MORDRED::AATS2s,Mordred
272,MORDRED::AATS3s,Mordred
273,MORDRED::AATS4s,Mordred
274,MORDRED::AATS5s,Mordred
275,MORDRED::AATS6s,Mordred
276,MORDRED::AATS7s,Mordred
277,MORDRED::AATS8s,Mordred
278,MORDRED::AATS0Z,Mordred
279,MORDRED::AATS1Z,Mordred
280,MORDRED::AATS2Z,Mordred
281,MORDRED::AATS3Z,Mordred
282,MORDRED::AATS4Z,Mordred
283,MORDRED::AATS5Z,Mordred
284,MORDRED::AATS6Z,Mordred
285,MORDRED::AATS7Z,Mordred
286,MORDRED::AATS8Z,Mordred
287,MORDRED::AATS0v,Mordred
288,MORDRED::AATS2v,Mordred
289,MORDRED::AATS3v,Mordred
290,MORDRED::AATS4v,Mordred
291,MORDRED::AATS5v,Mordred
292,MORDRED::AATS6v,Mordred
293,MORDRED::AATS7v,Mordred
294,MORDRED::AATS8v,Mordred
295,MORDRED::AATS0se,Mordred
296,MORDRED::AATS1se,Mordred
297,MORDRED::AATS2se,Mordred
298,MORDRED::AATS3se,Mordred
299,MORDRED::AATS4se,Mordred
300,MORDRED::AATS5se,Mordred
301,MORDRED::AATS6se,Mordred
302,MORDRED::AATS7se,Mordred
303,MORDRED::AATS8se,Mordred
304,MORDRED::AATS1pe,Mordred
305,MORDRED::AATS2pe,Mordred
306,MORDRED::AATS3pe,Mordred
307,MORDRED::AATS0p,Mordred
308,MORDRED::AATS1p,Mordred
309,MORDRED::AATS2p,Mordred
310,MORDRED::AATS3p,Mordred
311,MORDRED::AATS4p,Mordred
312,MORDRED::AATS5p,Mordred
313,MORDRED::AATS6p,Mordred
314,MORDRED::AATS7p,Mordred
315,MORDRED::AATS8p,Mordred
316,MORDRED::AATS0i,Mordred
317,MORDRED::AATS1i,Mordred
318,MORDRED::AATS2i,Mordred
319,MORDRED::AATS3i,Mordred
320,MORDRED::AATS4i,Mordred
321,MORDRED::AATS5i,Mordred
322,MORDRED::AATS6i,Mordred
323,MORDRED::AATS7i,Mordred
324,MORDRED::AATS8i,Mordred
325,MORDRED::ATSC0c,Mordred
326,MORDRED::ATSC1c,Mordred
327,MORDRED::ATSC2c,Mordred
328,MORDRED::ATSC3c,Mordred
329,MORDRED::ATSC4c,Mordred
330,MORDRED::ATSC5c,Mordred
331,MORDRED::ATSC6c,Mordred
332,MORDRED::ATSC7c,Mordred
333,MORDRED::ATSC8c,Mordred
334,MORDRED::ATSC0dv,Mordred
335,MORDRED::ATSC1dv,Mordred
336,MORDRED::ATSC2dv,Mordred
337,MORDRED::ATSC3dv,Mordred
338,MORDRED::ATSC4dv,Mordred
339,MORDRED::ATSC5dv,Mordred
340,MORDRED::ATSC6dv,Mordred
341,MORDRED::ATSC7dv,Mordred
342,MORDRED::ATSC8dv,Mordred
343,MORDRED::ATSC0d,Mordred
344,MORDRED::ATSC1d,Mordred
345,MORDRED::ATSC2d,Mordred
346,MORDRED::ATSC3d,Mordred
347,MORDRED::ATSC4d,Mordred
348,MORDRED::ATSC5d,Mordred
349,MORDRED::ATSC6d,Mordred
350,MORDRED::ATSC7d,Mordred
351,MORDRED::ATSC8d,Mordred
352,MORDRED::ATSC0s,Mordred
353,MORDRED::ATSC1s,Mordred
354,MORDRED::ATSC2s,Mordred
355,MORDRED::ATSC3s,Mordred
356,MORDRED::ATSC4s,Mordred
357,MORDRED::ATSC5s,Mordred
358,MORDRED::ATSC6s,Mordred
359,MORDRED::ATSC7s,Mordred
360,MORDRED::ATSC8s,Mordred
361,MORDRED::ATSC0Z,Mordred
362,MORDRED::ATSC1Z,Mordred
363,MORDRED::ATSC2Z,Mordred
364,MORDRED::ATSC3Z,Mordred
365,MORDRED::ATSC4Z,Mordred
366,MORDRED::ATSC5Z,Mordred
367,MORDRED::ATSC6Z,Mordred
368,MORDRED::ATSC7Z,Mordred
369,MORDRED::ATSC8Z,Mordred
370,MORDRED::ATSC0v,Mordred
371,MORDRED::ATSC1v,Mordred
372,MORDRED::ATSC2v,Mordred
373,MORDRED::ATSC3v,Mordred
374,MORDRED::ATSC4v,Mordred
375,MORDRED::ATSC5v,Mordred
376,MORDRED::ATSC6v,Mordred
377,MORDRED::ATSC7v,Mordred
378,MORDRED::ATSC8v,Mordred
379,MORDRED::ATSC0se,Mordred
380,MORDRED::ATSC1se,Mordred
381,MORDRED::ATSC2se,Mordred
382,MORDRED::ATSC3se,Mordred
383,MORDRED::ATSC4se,Mordred
384,MORDRED::ATSC5se,Mordred
385,MORDRED::ATSC6se,Mordred
386,MORDRED::ATSC7se,Mordred
387,MORDRED::ATSC8se,Mordred
388,MORDRED::ATSC1pe,Mordred
389,MORDRED::ATSC3pe,Mordred
390,MORDRED::ATSC4pe,Mordred
391,MORDRED::ATSC5pe,Mordred
392,MORDRED::ATSC6pe,Mordred
393,MORDRED::ATSC7pe,Mordred
394,MORDRED::ATSC8pe,Mordred
395,MORDRED::ATSC1are,Mordred
396,MORDRED::ATSC0p,Mordred
397,MORDRED::ATSC1p,Mordred
398,MORDRED::ATSC2p,Mordred
399,MORDRED::ATSC3p,Mordred
400,MORDRED::ATSC4p,Mordred
401,MORDRED::ATSC5p,Mordred
402,MORDRED::ATSC6p,Mordred
403,MORDRED::ATSC7p,Mordred
404,MORDRED::ATSC8p,Mordred
405,MORDRED::ATSC0i,Mordred
406,MORDRED::ATSC1i,Mordred
407,MORDRED::ATSC2i,Mordred
408,MORDRED::ATSC3i,Mordred
409,MORDRED::ATSC4i,Mordred
410,MORDRED::ATSC5i,Mordred
411,MORDRED::ATSC6i,Mordred
412,MORDRED::ATSC7i,Mordred
413,MORDRED::ATSC8i,Mordred
414,MORDRED::AATSC0c,Mordred
415,MORDRED::AATSC1c,Mordred
416,MORDRED::AATSC2c,Mordred
417,MORDRED::AATSC3c,Mordred
418,MORDRED::AATSC4c,Mordred
419,MORDRED::AATSC5c,Mordred
420,MORDRED::AATSC6c,Mordred
421,MORDRED::AATSC7c,Mordred
422,MORDRED::AATSC8c,Mordred
423,MORDRED::AATSC0dv,Mordred
424,MORDRED::AATSC1dv,Mordred
425,MORDRED::AATSC2dv,Mordred
426,MORDRED::AATSC3dv,Mordred
427,MORDRED::AATSC4dv,Mordred
428,MORDRED::AATSC5dv,Mordred
429,MORDRED::AATSC6dv,Mordred
430,MORDRED::AATSC7dv,Mordred
431,MORDRED::AATSC8dv,Mordred
432,MORDRED::AATSC0d,Mordred
433,MORDRED::AATSC1d,Mordred
434,MORDRED::AATSC2d,Mordred
435,MORDRED::AATSC3d,Mordred
436,MORDRED::AATSC4d,Mordred
437,MORDRED::AATSC5d,Mordred
438,MORDRED::AATSC6d,Mordred
439,MORDRED::AATSC7d,Mordred
440,MORDRED::AATSC8d,Mordred
441,MORDRED::AATSC2s,Mordred
442,MORDRED::AATSC4s,Mordred
443,MORDRED::AATSC5s,Mordred
444,MORDRED::AATSC6s,Mordred
445,MORDRED::AATSC7s,Mordred
446,MORDRED::AATSC8s,Mordred
447,MORDRED::AATSC0Z,Mordred
448,MORDRED::AATSC2Z,Mordred
449,MORDRED::AATSC3Z,Mordred
450,MORDRED::AATSC4Z,Mordred
451,MORDRED::AATSC5Z,Mordred
452,MORDRED::AATSC6Z,Mordred
453,MORDRED::AATSC7Z,Mordred
454,MORDRED::AATSC8Z,Mordred
455,MORDRED::AATSC0v,Mordred
456,MORDRED::AATSC3v,Mordred
457,MORDRED::AATSC4v,Mordred
458,MORDRED::AATSC5v,Mordred
459,MORDRED::AATSC6v,Mordred
460,MORDRED::AATSC7v,Mordred
461,MORDRED::AATSC8v,Mordred
462,MORDRED::AATSC0se,Mordred
463,MORDRED::AATSC2se,Mordred
464,MORDRED::AATSC3se,Mordred
465,MORDRED::AATSC4se,Mordred
466,MORDRED::AATSC5se,Mordred
467,MORDRED::AATSC6se,Mordred
468,MORDRED::AATSC7se,Mordred
469,MORDRED::AATSC8se,Mordred
470,MORDRED::AATSC3pe,Mordred
471,MORDRED::AATSC4pe,Mordred
472,MORDRED::AATSC5pe,Mordred
473,MORDRED::AATSC6pe,Mordred
474,MORDRED::AATSC7pe,Mordred
475,MORDRED::AATSC8pe,Mordred
476,MORDRED::AATSC0p,Mordred
477,MORDRED::AATSC3p,Mordred
478,MORDRED::AATSC4p,Mordred
479,MORDRED::AATSC5p,Mordred
480,MORDRED::AATSC6p,Mordred
481,MORDRED::AATSC7p,Mordred
482,MORDRED::AATSC8p,Mordred
483,MORDRED::AATSC0i,Mordred
484,MORDRED::AATSC1i,Mordred
485,MORDRED::AATSC3i,Mordred
486,MORDRED::AATSC4i,Mordred
487,MORDRED::AATSC5i,Mordred
488,MORDRED::AATSC6i,Mordred
489,MORDRED::AATSC7i,Mordred
490,MORDRED::AATSC8i,Mordred
491,MORDRED::MATS1c,Mordred
492,MORDRED::MATS2c,Mordred
493,MORDRED::MATS3c,Mordred
494,MORDRED::MATS4c,Mordred
495,MORDRED::MATS5c,Mordred
496,MORDRED::MATS6c,Mordred
497,MORDRED::MATS7c,Mordred
498,MORDRED::MATS8c,Mordred
499,MORDRED::MATS1dv,Mordred
500,MORDRED::MATS1d,Mordred
501,MORDRED::MATS3d,Mordred
502,MORDRED::MATS1s,Mordred
503,MORDRED::MATS2s,Mordred
504,MORDRED::MATS3s,Mordred
505,MORDRED::MATS4s,Mordred
506,MORDRED::MATS5s,Mordred
507,MORDRED::MATS6s,Mordred
508,MORDRED::MATS7s,Mordred
509,MORDRED::MATS8s,Mordred
510,MORDRED::MATS1Z,Mordred
511,MORDRED::MATS2Z,Mordred
512,MORDRED::MATS3Z,Mordred
513,MORDRED::MATS4Z,Mordred
514,MORDRED::MATS5Z,Mordred
515,MORDRED::MATS6Z,Mordred
516,MORDRED::MATS7Z,Mordred
517,MORDRED::MATS8Z,Mordred
518,MORDRED::MATS1se,Mordred
519,MORDRED::MATS2se,Mordred
520,MORDRED::MATS3se,Mordred
521,MORDRED::MATS4se,Mordred
522,MORDRED::MATS5se,Mordred
523,MORDRED::MATS6se,Mordred
524,MORDRED::MATS7se,Mordred
525,MORDRED::MATS8se,Mordred
526,MORDRED::MATS1pe,Mordred
527,MORDRED::MATS2pe,Mordred
528,MORDRED::MATS3pe,Mordred
529,MORDRED::MATS4pe,Mordred
530,MORDRED::MATS5pe,Mordred
531,MORDRED::MATS6pe,Mordred
532,MORDRED::MATS7pe,Mordred
533,MORDRED::MATS8pe,Mordred
534,MORDRED::MATS3p,Mordred
535,MORDRED::MATS4p,Mordred
536,MORDRED::MATS7p,Mordred
537,MORDRED::MATS1i,Mordred
538,MORDRED::MATS2i,Mordred
539,MORDRED::MATS3i,Mordred
540,MORDRED::MATS4i,Mordred
541,MORDRED::MATS5i,Mordred
542,MORDRED::MATS6i,Mordred
543,MORDRED::MATS7i,Mordred
544,MORDRED::MATS8i,Mordred
545,MORDRED::GATS1c,Mordred
546,MORDRED::GATS2c,Mordred
547,MORDRED::GATS3c,Mordred
548,MORDRED::GATS4c,Mordred
549,MORDRED::GATS5c,Mordred
550,MORDRED::GATS6c,Mordred
551,MORDRED::GATS7c,Mordred
552,MORDRED::GATS8c,Mordred
553,MORDRED::GATS1dv,Mordred
554,MORDRED::GATS2dv,Mordred
555,MORDRED::GATS3dv,Mordred
556,MORDRED::GATS4dv,Mordred
557,MORDRED::GATS5dv,Mordred
558,MORDRED::GATS6dv,Mordred
559,MORDRED::GATS7dv,Mordred
560,MORDRED::GATS8dv,Mordred
561,MORDRED::GATS1d,Mordred
562,MORDRED::GATS2d,Mordred
563,MORDRED::GATS3d,Mordred
564,MORDRED::GATS4d,Mordred
565,MORDRED::GATS5d,Mordred
566,MORDRED::GATS6d,Mordred
567,MORDRED::GATS7d,Mordred
568,MORDRED::GATS8d,Mordred
569,MORDRED::GATS1s,Mordred
570,MORDRED::GATS2s,Mordred
571,MORDRED::GATS3s,Mordred
572,MORDRED::GATS4s,Mordred
573,MORDRED::GATS5s,Mordred
574,MORDRED::GATS6s,Mordred
575,MORDRED::GATS7s,Mordred
576,MORDRED::GATS8s,Mordred
577,MORDRED::GATS1Z,Mordred
578,MORDRED::GATS2Z,Mordred
579,MORDRED::GATS3Z,Mordred
580,MORDRED::GATS4Z,Mordred
581,MORDRED::GATS5Z,Mordred
582,MORDRED::GATS6Z,Mordred
583,MORDRED::GATS7Z,Mordred
584,MORDRED::GATS8Z,Mordred
585,MORDRED::GATS1v,Mordred
586,MORDRED::GATS2v,Mordred
587,MORDRED::GATS3v,Mordred
588,MORDRED::GATS4v,Mordred
589,MORDRED::GATS5v,Mordred
590,MORDRED::GATS6v,Mordred
591,MORDRED::GATS7v,Mordred
592,MORDRED::GATS8v,Mordred
593,MORDRED::GATS1se,Mordred
594,MORDRED::GATS2se,Mordred
595,MORDRED::GATS3se,Mordred
596,MORDRED::GATS4se,Mordred
597,MORDRED::GATS5se,Mordred
598,MORDRED::GATS6se,Mordred
599,MORDRED::GATS7se,Mordred
600,MORDRED::GATS8se,Mordred
601,MORDRED::GATS1pe,Mordred
602,MORDRED::GATS2pe,Mordred
603,MORDRED::GATS3pe,Mordred
604,MORDRED::GATS1p,Mordred
605,MORDRED::GATS2p,Mordred
606,MORDRED::GATS3p,Mordred
607,MORDRED::GATS4p,Mordred
608,MORDRED::GATS5p,Mordred
609,MORDRED::GATS6p,Mordred
610,MORDRED::GATS7p,Mordred
611,MORDRED::GATS8p,Mordred
612,MORDRED::GATS1i,Mordred
613,MORDRED::GATS2i,Mordred
614,MORDRED::GATS3i,Mordred
615,MORDRED::GATS4i,Mordred
616,MORDRED::GATS5i,Mordred
617,MORDRED::GATS6i,Mordred
618,MORDRED::GATS7i,Mordred
619,MORDRED::GATS8i,Mordred
620,MORDRED::BCUTc-1h,Mordred
621,MORDRED::BCUTc-1l,Mordred
622,MORDRED::BCUTdv-1h,Mordred
623,MORDRED::BCUTdv-1l,Mordred
624,MORDRED::BCUTd-1h,Mordred
625,MORDRED::BCUTd-1l,Mordred
626,MORDRED::BCUTs-1h,Mordred
627,MORDRED::BCUTs-1l,Mordred
628,MORDRED::BCUTZ-1l,Mordred
629,MORDRED::BCUTv-1h,Mordred
630,MORDRED::BCUTv-1l,Mordred
631,MORDRED::BCUTi-1l,Mordred
632,MORDRED::BalabanJ,Mordred
633,MORDRED::SpAbs_DzZ,Mordred
634,MORDRED::SpMAD_DzZ,Mordred
635,MORDRED::SM1_DzZ,Mordred
636,MORDRED::VR2_DzZ,Mordred
637,MORDRED::SpAbs_Dzv,Mordred
638,MORDRED::SpMAD_Dzv,Mordred
639,MORDRED::SM1_Dzv,Mordred
640,MORDRED::SpMAD_Dzse,Mordred
641,MORDRED::SM1_Dzse,Mordred
642,MORDRED::SpMAD_Dzp,Mordred
643,MORDRED::SM1_Dzp,Mordred
644,MORDRED::SM1_Dzi,Mordred
645,MORDRED::nBondsS,Mordred
646,MORDRED::nBondsD,Mordred
647,MORDRED::nBondsKD,Mordred
648,MORDRED::RNCG,Mordred
649,MORDRED::RPCG,Mordred
650,MORDRED::C1SP2,Mordred
651,MORDRED::C2SP2,Mordred
652,MORDRED::C3SP2,Mordred
653,MORDRED::C1SP3,Mordred
654,MORDRED::C2SP3,Mordred
655,MORDRED::C3SP3,Mordred
656,MORDRED::C4SP3,Mordred
657,MORDRED::Xch-3d,Mordred
658,MORDRED::Xch-4d,Mordred
659,MORDRED::Xch-5d,Mordred
660,MORDRED::Xch-6d,Mordred
661,MORDRED::Xch-7d,Mordred
662,MORDRED::Xch-4dv,Mordred
663,MORDRED::Xch-5dv,Mordred
664,MORDRED::Xch-6dv,Mordred
665,MORDRED::Xch-7dv,Mordred
666,MORDRED::Xc-3d,Mordred
667,MORDRED::Xc-4d,Mordred
668,MORDRED::Xc-5d,Mordred
669,MORDRED::Xc-6d,Mordred
670,MORDRED::Xc-3dv,Mordred
671,MORDRED::Xc-4dv,Mordred
672,MORDRED::Xc-5dv,Mordred
673,MORDRED::Xc-6dv,Mordred
674,MORDRED::Xpc-4d,Mordred
675,MORDRED::Xpc-5d,Mordred
676,MORDRED::Xpc-6d,Mordred
677,MORDRED::Xpc-4dv,Mordred
678,MORDRED::Xpc-5dv,Mordred
679,MORDRED::Xpc-6dv,Mordred
680,MORDRED::Xp-2d,Mordred
681,MORDRED::Xp-3d,Mordred
682,MORDRED::Xp-4d,Mordred
683,MORDRED::Xp-5d,Mordred
684,MORDRED::Xp-6d,Mordred
685,MORDRED::Xp-7d,Mordred
686,MORDRED::AXp-0d,Mordred
687,MORDRED::AXp-1d,Mordred
688,MORDRED::AXp-2d,Mordred
689,MORDRED::AXp-3d,Mordred
690,MORDRED::AXp-4d,Mordred
691,MORDRED::AXp-5d,Mordred
692,MORDRED::AXp-6d,Mordred
693,MORDRED::AXp-7d,Mordred
694,MORDRED::Xp-5dv,Mordred
695,MORDRED::Xp-6dv,Mordred
696,MORDRED::Xp-7dv,Mordred
697,MORDRED::AXp-0dv,Mordred
698,MORDRED::AXp-1dv,Mordred
699,MORDRED::AXp-2dv,Mordred
700,MORDRED::AXp-3dv,Mordred
701,MORDRED::AXp-5dv,Mordred
702,MORDRED::AXp-6dv,Mordred
703,MORDRED::MZ,Mordred
704,MORDRED::Mp,Mordred
705,MORDRED::SpAbs_Dt,Mordred
706,MORDRED::SpMAD_Dt,Mordred
707,MORDRED::SpAbs_D,Mordred
708,MORDRED::SpMAD_D,Mordred
709,MORDRED::NsCH3,Mordred
710,MORDRED::NdCH2,Mordred
711,MORDRED::NssCH2,Mordred
712,MORDRED::NdsCH,Mordred
713,MORDRED::NsssCH,Mordred
714,MORDRED::NaasC,Mordred
715,MORDRED::NaaaC,Mordred
716,MORDRED::NssssC,Mordred
717,MORDRED::NssNH,Mordred
718,MORDRED::NdsN,Mordred
719,MORDRED::NaaN,Mordred
720,MORDRED::NsssN,Mordred
721,MORDRED::NaasN,Mordred
722,MORDRED::NsOH,Mordred
723,MORDRED::NaaO,Mordred
724,MORDRED::NaaS,Mordred
725,MORDRED::NdssS,Mordred
726,MORDRED::NddssS,Mordred
727,MORDRED::SssCH2,Mordred
728,MORDRED::SaaCH,Mordred
729,MORDRED::SsssCH,Mordred
730,MORDRED::SdssC,Mordred
731,MORDRED::SaasC,Mordred
732,MORDRED::SaaaC,Mordred
733,MORDRED::SssssC,Mordred
734,MORDRED::SsssN,Mordred
735,MORDRED::SssS,Mordred
736,MORDRED::MAXsCH3,Mordred
737,MORDRED::MAXssCH2,Mordred
738,MORDRED::MAXdsCH,Mordred
739,MORDRED::MAXaaCH,Mordred
740,MORDRED::MAXsssCH,Mordred
741,MORDRED::MAXdssC,Mordred
742,MORDRED::MAXaasC,Mordred
743,MORDRED::MAXaaaC,Mordred
744,MORDRED::MAXssssC,Mordred
745,MORDRED::MAXssNH,Mordred
746,MORDRED::MAXaaNH,Mordred
747,MORDRED::MAXaaN,Mordred
748,MORDRED::MAXsssN,Mordred
749,MORDRED::MAXaasN,Mordred
750,MORDRED::MAXdO,Mordred
751,MORDRED::MAXssO,Mordred
752,MORDRED::MAXaaO,Mordred
753,MORDRED::MAXaaS,Mordred
754,MORDRED::MAXsCl,Mordred
755,MORDRED::MINssCH2,Mordred
756,MORDRED::MINaaCH,Mordred
757,MORDRED::MINsssCH,Mordred
758,MORDRED::MINdssC,Mordred
759,MORDRED::MINaasC,Mordred
760,MORDRED::AETA_alpha,Mordred
761,MORDRED::ETA_shape_p,Mordred
762,MORDRED::ETA_shape_y,Mordred
763,MORDRED::ETA_shape_x,Mordred
764,MORDRED::ETA_beta,Mordred
765,MORDRED::AETA_beta,Mordred
766,MORDRED::ETA_beta_s,Mordred
767,MORDRED::AETA_beta_s,Mordred
768,MORDRED::ETA_beta_ns,Mordred
769,MORDRED::ETA_beta_ns_d,Mordred
770,MORDRED::ETA_eta,Mordred
771,MORDRED::AETA_eta,Mordred
772,MORDRED::ETA_eta_L,Mordred
773,MORDRED::AETA_eta_L,Mordred
774,MORDRED::AETA_eta_R,Mordred
775,MORDRED::AETA_eta_RL,Mordred
776,MORDRED::ETA_eta_F,Mordred
777,MORDRED::AETA_eta_F,Mordred
778,MORDRED::ETA_eta_FL,Mordred
779,MORDRED::ETA_eta_B,Mordred
780,MORDRED::ETA_eta_BR,Mordred
781,MORDRED::AETA_eta_BR,Mordred
782,MORDRED::ETA_dAlpha_A,Mordred
783,MORDRED::ETA_epsilon_2,Mordred
784,MORDRED::ETA_epsilon_3,Mordred
785,MORDRED::ETA_epsilon_4,Mordred
786,MORDRED::ETA_epsilon_5,Mordred
787,MORDRED::ETA_dEpsilon_B,Mordred
788,MORDRED::ETA_dEpsilon_D,Mordred
789,MORDRED::ETA_dBeta,Mordred
790,MORDRED::ETA_psi_1,Mordred
791,MORDRED::fragCpx,Mordred
792,MORDRED::fMF,Mordred
793,MORDRED::IC0,Mordred
794,MORDRED::IC1,Mordred
795,MORDRED::IC2,Mordred
796,MORDRED::IC3,Mordred
797,MORDRED::IC4,Mordred
798,MORDRED::TIC0,Mordred
799,MORDRED::TIC1,Mordred
800,MORDRED::TIC2,Mordred
801,MORDRED::TIC3,Mordred
802,MORDRED::SIC0,Mordred
803,MORDRED::SIC1,Mordred
804,MORDRED::SIC2,Mordred
805,MORDRED::SIC3,Mordred
806,MORDRED::SIC4,Mordred
807,MORDRED::BIC2,Mordred
808,MORDRED::BIC3,Mordred
809,MORDRED::BIC4,Mordred
810,MORDRED::CIC0,Mordred
811,MORDRED::MIC0,Mordred
812,MORDRED::MIC1,Mordred
813,MORDRED::MIC2,Mordred
814,MORDRED::ZMIC0,Mordred
815,MORDRED::ZMIC1,Mordred
816,MORDRED::ZMIC2,Mordred
817,MORDRED::ZMIC3,Mordred
818,MORDRED::ZMIC4,Mordred
819,MORDRED::Kier1,Mordred
820,MORDRED::Kier2,Mordred
821,MORDRED::Kier3,Mordred
822,MORDRED::Lipinski,Mordred
823,MORDRED::GhoseFilter,Mordred
824,MORDRED::FilterItLogS,Mordred
825,MORDRED::MDEC-11,Mordred
826,MORDRED::MDEC-12,Mordred
827,MORDRED::MDEC-13,Mordred
828,MORDRED::MDEC-14,Mordred
829,MORDRED::MDEC-22,Mordred
830,MORDRED::MDEC-23,Mordred
831,MORDRED::MDEC-24,Mordred
832,MORDRED::MDEC-33,Mordred
833,MORDRED::MDEC-34,Mordred
834,MORDRED::MDEC-44,Mordred
835,MORDRED::MDEO-11,Mordred
836,MORDRED::MDEO-12,Mordred
837,MORDRED::MDEO-22,Mordred
838,MORDRED::MDEN-11,Mordred
839,MORDRED::MDEN-12,Mordred
840,MORDRED::MDEN-13,Mordred
841,MORDRED::MDEN-22,Mordred
842,MORDRED::MDEN-23,Mordred
843,MORDRED::MDEN-33,Mordred
844,MORDRED::AMID,Mordred
845,MORDRED::AMID_h,Mordred
846,MORDRED::AMID_C,Mordred
847,MORDRED::AMID_N,Mordred
848,MORDRED::AMID_O,Mordred
849,MORDRED::MPC2,Mordred
850,MORDRED::MPC3,Mordred
851,MORDRED::MPC4,Mordred
852,MORDRED::MPC5,Mordred
853,MORDRED::MPC6,Mordred
854,MORDRED::piPC1,Mordred
855,MORDRED::piPC3,Mordred
856,MORDRED::piPC5,Mordred
857,MORDRED::piPC6,Mordred
858,MORDRED::bpol,Mordred
859,MORDRED::n4Ring,Mordred
860,MORDRED::n5Ring,Mordred
861,MORDRED::n6Ring,Mordred
862,MORDRED::n7Ring,Mordred
863,MORDRED::n4HRing,Mordred
864,MORDRED::n5HRing,Mordred
865,MORDRED::n6HRing,Mordred
866,MORDRED::n7HRing,Mordred
867,MORDRED::n5aromRing,Mordred
868,MORDRED::n6aromRing,Mordred
869,MORDRED::n6aromHRing,Mordred
870,MORDRED::n5aliphRing,Mordred
871,MORDRED::n6aliphRing,Mordred
872,MORDRED::n5aliphHRing,Mordred
873,MORDRED::n6aliphHRing,Mordred
874,MORDRED::nFRing,Mordred
875,MORDRED::n6FRing,Mordred
876,MORDRED::n7FRing,Mordred
877,MORDRED::n8FRing,Mordred
878,MORDRED::n9FRing,Mordred
879,MORDRED::n10FRing,Mordred
880,MORDRED::n11FRing,Mordred
881,MORDRED::nG12FRing,Mordred
882,MORDRED::nFHRing,Mordred
883,MORDRED::n9FHRing,Mordred
884,MORDRED::n10FHRing,Mordred
885,MORDRED::nFaromRing,Mordred
886,MORDRED::n8FaromRing,Mordred
887,MORDRED::n9FaromRing,Mordred
888,MORDRED::n10FaromRing,Mordred
889,MORDRED::nG12FaromRing,Mordred
890,MORDRED::n10FaromHRing,Mordred
891,MORDRED::nFaliphRing,Mordred
892,MORDRED::n8FaliphRing,Mordred
893,MORDRED::n9FaliphRing,Mordred
894,MORDRED::n10FaliphRing,Mordred
895,MORDRED::nG12FaliphRing,Mordred
896,MORDRED::nFaliphHRing,Mordred
897,MORDRED::n9FaliphHRing,Mordred
898,MORDRED::n10FaliphHRing,Mordred
899,MORDRED::RotRatio,Mordred
900,MORDRED::TopoPSA,Mordred
901,MORDRED::GGI1,Mordred
902,MORDRED::GGI2,Mordred
903,MORDRED::GGI3,Mordred
904,MORDRED::GGI4,Mordred
905,MORDRED::GGI5,Mordred
906,MORDRED::GGI6,Mordred
907,MORDRED::GGI7,Mordred
908,MORDRED::GGI8,Mordred
909,MORDRED::GGI9,Mordred
910,MORDRED::GGI10,Mordred
911,MORDRED::JGI1,Mordred
912,MORDRED::JGI2,Mordred
913,MORDRED::JGI3,Mordred
914,MORDRED::JGI4,Mordred
915,MORDRED::JGI5,Mordred
916,MORDRED::JGI6,Mordred
917,MORDRED::JGI7,Mordred
918,MORDRED::JGI8,Mordred
919,MORDRED::JGI9,Mordred
920,MORDRED::JGI10,Mordred
921,MORDRED::JGT10,Mordred
922,MORDRED::Diameter,Mordred
923,MORDRED::Radius,Mordred
924,MORDRED::TopoShapeIndex,Mordred
925,MORDRED::Vabc,Mordred
926,MORDRED::SRW05,Mordred
927,MORDRED::SRW07,Mordred
928,MORDRED::TSRW10,Mordred
929,MORDRED::WPol,Mordred
930,MORDRED::mZagreb1,Mordred
