smiles,docking_score,reference_id
c1cc(F)ccc1-n([nH]c2C)c(=O)c2CCC(=O)N[C@H](CC3)c(c34)cccc4,-8.743,TRAIN_0001
Cc1ccc(cc1C)-c2nn(Cc3ccccc3)cc2C(=O)N4CCC(CC4)C(=O)N5CCCCCC5,-8.667,TRAIN_0002
c1cccc(c12)c(c[nH]2)C[C@@H](NC3=O)C(=O)N3C[C@@H](O)COCc4ccccc4,-8.511,TRAIN_0003
c1c(F)ccc(c12)[nH]c(c2)C(=O)N(C)Cc(n3)[nH]c(c34)cccc4,-8.464,TRAIN_0004
O=C1CC[C@H](CN1C)C(=O)N[C@H](Cc2ccc(O)cc2)c(n3)[nH]c(c34)cccc4,-8.463,TRAIN_0005
C1CCCCN1C(=O)CN(CCC(C)C)c2c(=O)[nH]c(=O)n(c2N)Cc3ccccc3,-8.365,TRAIN_0006
c1cccc(c12)n(C)c(n2)CN[C@H](c3ccccc3)C(=O)Nc4ccc(F)cc4,-8.343,TRAIN_0007
c1ccccc1CN(CCC(=O)N)C(=O)Cn(cn2)c(=O)c(c23)ccc(Cl)c3,-8.25,TRAIN_0008
c1cc(F)ccc1C(=O)N[C@H](Cc(c[nH]2)c(c23)cccc3)C(=O)N[C@@H]4CCN(C4)Cc5ccccc5,-8.219,TRAIN_0009
Fc(c1)c(F)ccc1C(=O)N2CCN(CC2)C(=O)c(c3)[nH]c(=O)c(c34)cccc4,-8.212,TRAIN_0010
FC(F)(F)C1(O)CCN(CC1)C(=O)c2cn(Cc3ccccc3)nc2-c4ccccc4,-8.171,TRAIN_0011
c1cccc(c12)c(c[nH]2)C[C@@H](NC(=O)C)C(=O)NCc(c3)[nH]c(c34)cccc4,-8.166,TRAIN_0012
C1CCn(c12)nc(c2)NC(=O)Cc3ccn(n3)-c4ccc(F)cc4,-8.162,TRAIN_0013
NC(=O)c1cccc(c1)N[C@H](c2ccccc2)C(=O)Nc3ccc(F)cc3,-8.161,TRAIN_0014
Fc1ccccc1NC(=O)NC[C@@H](C2CC2)NC(=O)Nc3ccccc3F,-8.153,TRAIN_0015
Fc1cc(F)ccc1NC(=O)NCc2nc(c[nH]2)-c3ccc(F)cc3,-8.15,TRAIN_0016
c1cc(F)ccc1-n2nc(nc2C)C(=O)NCc(n3)[nH]c(c34)cccc4,-8.127,TRAIN_0017
Cc1cc(F)ccc1NC(=O)c2ccccc2-c3ccc(cc3)Cn4cccn4,-8.107,TRAIN_0018
Fc(c1)c(F)ccc1[C@@H](C)NC(=O)CC[C@H](C2)C(=O)Nc(c23)cccc3,-8.099,TRAIN_0019
COc1cccc(c1)NC(=O)[C@@H](c2ccccc2)NCc(n3)n(C)c(c34)cccc4,-8.08,TRAIN_0020
c1cccc(c12)n(c(C)c2)CC(=O)N3CC[C@H](C3)c4cc(=O)[nH]c(n4)N,-8.069,TRAIN_0021
c1cccc(c12)[nH]c(n2)[C@@H](CCSC)NC(=O)CCc(n3)[nH]c(=O)c(c34)cccc4,-8.069,TRAIN_0022
CC1(C)[C@H](C(F)(F)F)CCN1C(=O)Nc2ccn(n2)Cc3ccccc3,-8.066,TRAIN_0023
c1cc(F)ccc1CN(C)C(=O)CNC(=O)c(cc2)cc(c23)cccc3,-8.049,TRAIN_0024
Fc(c1)cncc1CCC(=O)Nc2cc([nH]n2)-c3cccc(F)c3F,-8.038,TRAIN_0025
c1n[nH]c(c12)c(ccc2)C(=O)NCc3nc(n[nH]3)-c4ccc(F)cc4,-8.03,TRAIN_0026
c1cc(C)cc(c12)c(c[nH]2)CCC(=O)N[C@H]([C@@H](C)C(=O)O)c3ccccc3,-8.028,TRAIN_0027
CC1(C)[C@H](C(F)(F)F)CCN1C(=O)Nc2cnn(c2)Cc3ccccc3,-8.023,TRAIN_0028
c1cccc(c12)c(ccc2)CCN(C)C(=O)CN(C3=O)C(=O)[C@@H]4[C@H](C5)C=C[C@H]5[C@H]34,-8.019,TRAIN_0029
c1ccc(C)n(c12)c(=O)cc(n2)COC(=O)c(c3)[nH]c(c34)cccc4,-8.018,TRAIN_0030
FC(F)(F)c(c1)cccc1NC(=O)Cn(c(=O)[nH]2)c(=O)c(c23)cccc3,-8.003,TRAIN_0031
c1ccccc1CCN(C(=O)C)CC(=O)N(C2)CC[C@@]23c4c(CO3)cccc4,-7.79,TRAIN_0032
Fc1cc(F)ccc1NC(=O)Cc2csc(n2)Cc3ccccc3,-7.191,TRAIN_0033
NC(=O)[C@@H]1CCN(C1)C(=O)c2cccc(c2)COc3cccc(F)c3,-7.033,TRAIN_0034
Clc(s1)ccc1CN(C)C(=O)Cn(cn2)c(=O)c(c23)scc3,-7.003,TRAIN_0035
c1cccc(c12)c(c[nH]2)C[C@@H](NC(=O)C)C(=O)Nc(n3)sc(c34)cc(C)cc4,-6.949,TRAIN_0036
CC(C)c1ncc(Cl)c(n1)C(=O)N2CCC(CC2)Nc3ccc(F)cc3,-6.932,TRAIN_0037
c1cccc(c12)[C@@H](CC2)NC(=O)Cc3ccc(cc3)N4CCCC4=O,-6.877,TRAIN_0038
Fc1ccccc1CC(=O)NCCc(n2)n(C(F)F)c(c23)cccc3,-6.873,TRAIN_0039
Cn1nc(C)c(c12)cc(cn2)C(=O)N[C@@H](C(=O)N)c3ccccc3,-6.78,TRAIN_0040
COc(cc1)cc(c12)ccc(c2)CN[C@H](C)CN3CCCC3=O,-6.759,TRAIN_0041
c1cccc(c12)cc(cn2)NC(=O)c(ccc3C)cc3NC(=O)c4ccco4,-6.753,TRAIN_0042
CN(C)C(=O)c1ccccc1NC(=O)Cc(c[nH]2)c(c23)cccc3,-6.747,TRAIN_0043
c1ccccc1-c(cn2)[nH]c2[C@@H](C)NC(=O)c3cccc(C#N)c3,-6.714,TRAIN_0044
c1nccn1CCC(=O)N(C)Cc([nH]2)nc(=O)c(c23)cccc3,-6.702,TRAIN_0045
Oc(c1)cccc1[C@@H](C)NC(=O)C2CCN(CC2)c3ccc(C#N)cn3,-6.64,TRAIN_0046
NC(=O)[C@@]1(O)CCCN(C1)C(=O)CCn(cc2)c(c23)ccc(Cl)c3,-6.635,TRAIN_0047
CCOc1ccc(cc1)NC(=O)Cc(c[nH]2)c(c23)cccc3,-6.625,TRAIN_0048
c1ccnc(c12)c(C)ccc2NC(=O)Cc(cc3)cc(c34)OCO4,-6.608,TRAIN_0049
c1cccc(c12)cc(cn2)NC(=O)CCCc(c[nH]3)c(c34)cccc4,-6.597,TRAIN_0050
FC(F)(F)c(c1)cccc1C(=O)NC2CCN(CC2)Cc3ccccn3,-6.542,TRAIN_0051
c1ccccc1[C@H](C(=O)N)NCc2cccc(c2)N3CCCC3=O,-6.54,TRAIN_0052
CS(=O)(=O)c1ccc(F)c(c1)C(=O)Nc2cccc(c2)-c3[nH]ncn3,-6.52,TRAIN_0053
Cc1n[nH]cc1CNCc2ccc(cc2)CN3CCC(C)CC3,-6.519,TRAIN_0054
C[C@H]1OCCC[C@H]1C(=O)NCCc(n2)n(C)c(c23)ccc(F)c3,-6.506,TRAIN_0055
c1cccc(c12)cc(cn2)CC(=O)N3CCC[C@H](C3)N4CCNC4=O,-6.455,TRAIN_0056
Cc1ccc(Cl)c(c1Cl)NC(=O)CN2C(=O)N[C@@H](C2=O)Cc(c[nH]3)c(c34)cccc4,-6.442,TRAIN_0057
C1CCCc(c12)c(C(=O)N)c(s2)NC(=O)CN3CCC[C@H](C3)c4cc[nH]n4,-6.398,TRAIN_0058
CS(=O)(=O)C[C@H](C)C(=O)N[C@@H]1CCN(C1)c2cccc(Cl)c2,-6.371,TRAIN_0059
Cc1cccc(c1)NC2CCN(CC2)C(=O)c3cc(C#N)ccn3,-6.368,TRAIN_0060
c1c(F)ccc(c12)c(c[nH]2)CC(=O)NCc([nH]n3)c(c34)CCCC4,-6.342,TRAIN_0061
c1ccccc1-c(cs2)nc2NC(=O)CCCN(C3=O)C(=O)c(c34)cccc4,-6.325,TRAIN_0062
c1cccc(c12)c(c[nH]2)C[C@H](C(=O)OC)NC(=O)CN3CCNC(=O)C3,-6.314,TRAIN_0063
[O-][N+](=O)c1ccc(cc1C)C(=O)N2CCC[C@H](C2)c3ccn[nH]3,-6.313,TRAIN_0064
Cc1nc(cs1)CC(=O)N2CC[C@H](C2)n3cc(nn3)C(=O)O,-6.31,TRAIN_0065
CCc1cccc(c1)OCC(=O)Nc2nc(cs2)-c3ccc(cc3)NS(=O)(=O)C,-6.285,TRAIN_0066
Cc1cc(=O)[nH]c(n1)-c2cccc(c2)NC(=O)Cc3ccccc3Cl,-6.284,TRAIN_0067
CN(C1)CC[C@@]12CCN(C2)C(=O)NCc(cc3Cl)cc(c34)OCCO4,-6.273,TRAIN_0068
CC(=O)Nc1cc(cc(c1)C(F)(F)F)C(=O)NCC(C)(C)c2ccccc2,-6.259,TRAIN_0069
n1nn(C)c(c12)ccc(c2)C(=O)Nc3ccc(c(Cl)c3)NCc4ccccc4,-6.255,TRAIN_0070
Cc1csc(n1)CNC(=O)NCCC(c2ccccc2)c3ccccc3,-6.229,TRAIN_0071
C1CC1C(=O)Nc2ccc(cc2)CNC(=O)[C@@H](CO3)Oc(c34)cccc4,-6.227,TRAIN_0072
c1ccccc1-n(ncc2C)c2NC(=O)[C@@H](CO3)Cc(c34)cc(F)cc4,-6.224,TRAIN_0073
CCN(CC)C(=O)Cc1ccc(cc1)NC(=O)N2CC[C@@H](C(=O)O)[C@@H](C)C2,-6.206,TRAIN_0074
OCC(CC1)CCN1c2cc(C)c(C#N)c(n23)nc4c3cccc4,-6.182,TRAIN_0075
NC(=O)CC1CCN(CC1)C(=O)c(s2)c(Cl)c(c23)ccc(c3)C(F)(F)F,-6.179,TRAIN_0076
Cc1ccccc1NC(=O)c(cn2)c(=O)n(c23)cccc3,-6.164,TRAIN_0077
COc1ccc(cc1)CNC(=O)CNC(=O)[C@H](CCC2)c(c23)cn[nH]3,-6.158,TRAIN_0078
o1cccc1CNC(=O)CSc2ccccc2C(=O)Nc(cc3)cc(c34)CCC4,-6.156,TRAIN_0079
c1cccc(c12)nc(CC)cc2NC(=O)N3CC[C@@H](C3)[C@H]4CCOC4,-6.141,TRAIN_0080
c1ccc(C)c(c12)[nH]cc2CC(=O)NC[C@@H]3CCC[C@H]3O,-6.137,TRAIN_0081
c1cccn(c12)c(nn2)SCC(=O)Nc3ccccc3C(=O)Nc4ccccc4,-6.13,TRAIN_0082
FC(F)(F)[C@@H](C1)CCN1C(=O)c2ccc(cc2)-c3[nH]cnn3,-6.124,TRAIN_0083
CC(C)c1cc(n[nH]1)C(=O)NCc2ccnc(c2)-n3cccn3,-6.109,TRAIN_0084
CCOc1ccc(OCC)c(c1)NC(=O)c2ccc(cc2)Cn3cccn3,-6.106,TRAIN_0085
c1ccccc1[C@@H](N)CC(=O)Nc2cccc(c2)C(=O)N3CCCC3,-6.104,TRAIN_0086
Fc1ccccc1CN(C)C(=O)COc2cccc(c2)-n3cncn3,-6.089,TRAIN_0087
O=C(O)C[C@@H]1CN(CCO1)C(=O)c2ccn(n2)-c3cccc(Br)c3,-6.071,TRAIN_0088
COC[C@@]1(C(=O)O)CCCN(C1)C(=O)CCc2ccc(cc2)C(C)(C)C,-6.051,TRAIN_0089
NC(=O)c1ccccc1OCc2nc(no2)-c3ccc(Cl)cc3,-6.049,TRAIN_0090
O=c([nH]1)n(C)c(c12)cc(cc2)C(=O)N[C@H](CCC3)c(c34)[nH]nc4,-6.044,TRAIN_0091
c1cccc(c12)c(=O)nc([nH]2)CN(CC)CCS(=O)(=O)c3ccc(Cl)cc3,-6.034,TRAIN_0092
CC(C)(C)c1ncc(s1)C(=O)N2CCN(CC2)[C@@H]3CCC[C@H]3O,-6.03,TRAIN_0093
NC(=O)NC(=O)[C@H]1CC[C@@H](CC1)NC(=O)c(ncc2)c(c23)cccc3,-6.028,TRAIN_0094
s1ccn(c12)c(=O)c(cn2)C(=O)Nc(ccc3)c(c34)CCCC4,-6.021,TRAIN_0095
c1cc(C(=O)N)ccc1CN(CC)Cc(n2)[nH]c(=O)c(c23)cccc3,-6.018,TRAIN_0096
CN(C)C(=O)[C@H]1CC[C@@H](O1)CNC(=O)[C@@H](CO2)Oc(c23)cccc3,-6.017,TRAIN_0097
C1CCN(S1(=O)=O)[C@@H](C2)CCCN2C(=O)NCCc3cc(F)ccc3F,-6.007,TRAIN_0098
FC(F)(F)c1n[nH]c(c1C)CNC[C@@H](C2)Oc(c23)cccc3,-6.003,TRAIN_0099
s1ccc(c12)nc(n(c2=O)CC)SCc3cccc(F)c3,-5.996,TRAIN_0100
Cc1cccc(C)c1-n2nnnc2S[C@H](C)C(=O)NCc(cc3)cc(c34)OCO4,-5.995,TRAIN_0101
Cc1ccccc1OCC[S@](=O)Cc2coc(n2)-c3ccc(F)cc3,-5.982,TRAIN_0102
c1nccn1-c(c2)cccc2C(=O)Nc3[nH]nc(n3)-c4cccs4,-5.969,TRAIN_0103
c1ccc(C(=O)O)c(c12)CCN(C2)C(=O)c(ccc3)c(c34)OCCO4,-5.963,TRAIN_0104
c1cccc(c12)N(C(=O)CC2)CC(=O)N3CCC[C@H](C3)c4[nH]c(=O)[nH]n4,-5.962,TRAIN_0105
CCN(CC1)Cc(c12)c(ncn2)N3CC[C@@H](C3)c4ccc(cc4)OC,-5.948,TRAIN_0106
O1CCC[C@@H]1Cn(c2)ncc2NC(=O)CNC(=O)c3ccccc3C(F)(F)F,-5.935,TRAIN_0107
c1cc(C)cc(c12)[C@@H]([C@@H](C2)C)NC(=O)Cc3cccnc3,-5.932,TRAIN_0108
CCOc1ccc(cc1)C(=O)Nc(ccc2)c(c23)C(=O)NC3=O,-5.927,TRAIN_0109
C[C@@H]1CN(C[C@H](O1)C)c2ccc(cn2)CNC(=O)CCc3cccc(F)c3,-5.916,TRAIN_0110
Cc1ccccc1C(=O)NCC(=O)Nc2ccc(cc2)N3CCCC3=O,-5.911,TRAIN_0111
C1COCCN1c(nc2C)ccc2NC(=O)N[C@H](C)c3ccccn3,-5.896,TRAIN_0112
CS(=O)(=O)c(cc1)cc(c12)sc(n2)NC(=O)c3cc(n[nH]3)-c4ccccc4O,-5.895,TRAIN_0113
N#Cc(cn1)c(n12)nc(cc2O)CSc(ccn3)c(c34)cccc4,-5.895,TRAIN_0114
C1CC1NC(=O)[C@@H](C2)N([C@@H]([C@@H]23)CCO3)C(=O)CCc4ccc(Cl)c(F)c4,-5.882,TRAIN_0115
Cc(n1)oc(c12)ccc(c2)NC(=O)c3cc([nH]n3)-c4ccccc4Cl,-5.88,TRAIN_0116
C1CCCCC1N(C)C(=O)COc(ncn2)c(c23)cnn3-c4ccccc4,-5.878,TRAIN_0117
Cn1cc(c(n1)C(C)(C)C)CNc(cc2)cc(c23)[nH]c(o3)=O,-5.875,TRAIN_0118
O=C1NC(=O)N[C@]1(C)c2cccc(c2)-c3noc(n3)[C@H](C4)[C@]45c6c(CC5)cccc6,-5.853,TRAIN_0119
COc1ccc(cc1)[C@H](CO)N(C)C(=O)c([nH]n2)c(c23)CCCCC3,-5.85,TRAIN_0120
CCc1cnc(s1)N2CCN(CC2)c(cc3)nn(c34)c(nn4)C,-5.848,TRAIN_0121
COc(cc1)cc(c12)nc(cc2C)SCC(=O)N(C)C,-5.848,TRAIN_0122
COCc1nnc([nH]1)[C@H]2CN(C[C@@H]2C3CC3)C(=O)c4c[nH]c(n4)C,-5.845,TRAIN_0123
NC[C@H]1CCN(C1)C(=O)c2cc(F)c(F)c(F)c2,-5.839,TRAIN_0124
Cc1csc(=O)n1CCC(=O)N2CCN(CC2)C(=O)c3ccsc3,-5.827,TRAIN_0125
c1cc(C)cc(n12)nc(c2)C(=O)O[C@@H](C(=O)N)c3ccc(F)cc3,-5.825,TRAIN_0126
c1ccccc1[C@H](C(=O)O)NC(=O)c(c2C)nnn2-c(cc3)cc(c34)OCCO4,-5.818,TRAIN_0127
FC(F)(F)c1ccc(cc1)[C@H]2CCCCN2c(cc3)nn(c34)nnn4,-5.816,TRAIN_0128
C1CCCC1S(=O)(=O)CCC(=O)Nc(cc2)cc(c23)OCCCO3,-5.813,TRAIN_0129
Fc1ccccc1CC(=O)N2CCN(CC2)c3ncccc3F,-5.808,TRAIN_0130
NC(=O)c1noc(n1)[C@H]2CCCN2CCCc3cccc(F)c3,-5.807,TRAIN_0131
O1COc(c12)cc(cc2)CN(C)C(=O)CCc(n3)[nH]c(=O)c(c34)cccc4,-5.795,TRAIN_0132
Cc1cc(C)c(c(C)c1)NC(=O)CNc2ccccc2-n3cccn3,-5.783,TRAIN_0133
Cc1[nH]nc(c1C)C(=O)N(CC2)Cc(n23)cc4c3ccc(Cl)c4,-5.783,TRAIN_0134
O=C(O)c1ccc(cc1)CC(=O)N2CCO[C@@H](C2)c3ccccc3,-5.783,TRAIN_0135
[nH]1ncc(c12)N(CCC2)C(=O)CN3CCCC3=O,-5.781,TRAIN_0136
CC1(C)C(=O)NCCN1C(=O)[C@@H]2C[C@H]2c3cc(F)c(F)c(F)c3,-5.766,TRAIN_0137
c1cccc(c12)c(ncc2)C(=O)N3CCC(CC3)C4CCOCC4,-5.758,TRAIN_0138
Cc1ccc(cc1)-c(cc2C(=O)O)nc(c23)n(nc3)C(C)C,-5.758,TRAIN_0139
CC[C@@H]1CCCCN1C(=O)CN2CCN(CC2)Cc(n3)[nH]c(c34)cccc4,-5.754,TRAIN_0140
COc1ccc(cc1)CNC(=O)NCc2ccc(nc2)N3CCCC3,-5.752,TRAIN_0141
c1cccn1-c(s2)c(c(c23)CCCC3)C(=O)NC[C@@H]4COCCO4,-5.738,TRAIN_0142
CSc1ccccc1N(C)C(=O)c2ccc(cc2)C3(C#N)CC3,-5.729,TRAIN_0143
C1CC1COCC(=O)Nc(c(n2)-c3cccs3)n(c24)cccc4,-5.728,TRAIN_0144
COc1ncccc1-c2noc(n2)-c3cc(no3)-c4ccccn4,-5.722,TRAIN_0145
COCCn(cc1)c(c12)ccc(c2)NC(=O)N[C@@H]3CCC[C@H]3O,-5.709,TRAIN_0146
Cc1ncsc1C(=O)N[C@@](CC2)(C(=O)O)c(c23)cccc3,-5.706,TRAIN_0147
COCCn(nn1)c(c12)CCN(C2)C(=O)c3ccc(cc3)Cn4nc(C)cc4C,-5.699,TRAIN_0148
n1nn(C)c(c12)ncnc2N3CCN(CC3)Cc4ccc(F)cc4Cl,-5.69,TRAIN_0149
CCNS(=O)(=O)[C@@H]1CCN(C1)C(=O)c(ccc2)c(c23)[nH]cc3,-5.687,TRAIN_0150
FC(F)(F)S[C@H](C)C(=O)Nc1ccc(F)c(c1)C(=O)N,-5.683,TRAIN_0151
c1c(Br)ccc(n12)nc(cc2=O)CN(C)CC(=O)Nc3ccc(Cl)cc3,-5.681,TRAIN_0152
Cc1ccc(cc1)-c2ocnc2C(=O)N(C)c3ccc(cc3)C(=O)N,-5.67,TRAIN_0153
Cc1ccccc1CN2CCN(CC2)C(=O)c(cc3)cc(c34)nn[nH]4,-5.67,TRAIN_0154
COc1ccc(C)cc1[C@@H](C)NC(=O)CCC(=O)N2CCOCC2,-5.665,TRAIN_0155
CC(=O)N1CCN(CC1)C(=O)CS(=O)(=O)c2cccc(O)c2,-5.662,TRAIN_0156
CCCOc1cccc(c1)CC(=O)N(C2)CC[C@]2(O)Cn3ccnn3,-5.649,TRAIN_0157
[nH]1nccc1C(=O)NCCN(CC2)Cc(c23)cccc3,-5.642,TRAIN_0158
OC[C@@H]1C[C@H](F)CN1C(=O)COc2ccc(F)cc2F,-5.636,TRAIN_0159
C[C@@H]1CCCN(C1)c2nc(cs2)-c(cc3)cc(c34)NC(=O)CO4,-5.634,TRAIN_0160
c1nn(C)c(c12)ncnc2N3CC(C3)Nc4ccc(F)cc4,-5.632,TRAIN_0161
CC(C)(O)CN1CCN(CC1)C(=O)CCn(c(=O)o2)c(c23)cccc3,-5.627,TRAIN_0162
Fc1ccc(cc1C)C(=O)Nc2cccnc2-c3cnn(C)c3,-5.627,TRAIN_0163
CN1CCN(C1=O)C2CCN(CC2)Cc3ccccc3C#N,-5.626,TRAIN_0164
Fc(c1)c(F)ccc1NC(=O)CNc2ccccc2,-5.622,TRAIN_0165
Cc1cccc(c1)CNC(=O)c2cccc(c2)NS(=O)(=O)C,-5.597,TRAIN_0166
NC(=O)COc1ccc(cc1)CNCc2ccc(cc2)-c3ccccc3,-5.596,TRAIN_0167
Clc1ccc(cc1)-c2cnc(o2)CN3CCC(CC3)c4cc[nH]n4,-5.586,TRAIN_0168
o1cccc1CNC(=O)COc(ncn2)c(c23)c(cs3)-c4ccc(Cl)cc4,-5.586,TRAIN_0169
CNC[C@@H]1C[C@H](F)CN1C(=O)c(cn2)c(=O)n(c23)cc(C)cc3,-5.584,TRAIN_0170
COc1ccc(cc1)[C@@H](CC(=O)O)NC(=O)c2cccc(F)c2F,-5.579,TRAIN_0171
c1cc(Cl)ccc1[C@@H](NC(=O)N2)C(=C2C)C(=O)Nc3ccccc3,-5.579,TRAIN_0172
COc1ccc(cc1OC)CC(=O)N2CCCC[C@@H]2c3nc[nH]n3,-5.575,TRAIN_0173
Cc1ccc(cc1F)C(=O)NCc2ccc(cc2)OCc3cnccc3,-5.573,TRAIN_0174
C1CCc(c12)cc(cc2)NC(=O)c3ccc(cc3)-n4cncn4,-5.57,TRAIN_0175
C1CCCCC1(C(=O)N)NC(=O)CN2CCCC2=O,-5.56,TRAIN_0176
Nc1ncnc(c1Cl)NCc2ccnc(c2)OC3CCOCC3,-5.558,TRAIN_0177
c1ccccc1NC(=O)CCN(CC2)Cc(c23)c(C(F)(F)F)n[nH]3,-5.557,TRAIN_0178
c1cccc(c12)[C@H](CO2)C(=O)Nc3ccn(n3)[C@@H]4CCNC4,-5.555,TRAIN_0179
c1c[nH]c(c12)ncnc2N3CC[C@H](C3)Oc4ccccn4,-5.541,TRAIN_0180
n1ccn(c12)C[C@@H](CC2)NC(=O)[C@@H]3CC(=O)N(C3)CC4CC4,-5.54,TRAIN_0181
CCC(=O)Nc1ccc(C)c(c1)NC(=O)c2cnn(c2C)-c3ccc(=O)[nH]n3,-5.532,TRAIN_0182
CC(C)(C)n1cc(cn1)CNc2nncn2-c3ccccc3,-5.53,TRAIN_0183
Cc1ccc(cc1)-n2ncc(c2C(F)(F)F)C(=O)Nc(cc3)cc(c34)nn[nH]4,-5.52,TRAIN_0184
C1CCCCC1NC(=O)CNC(=O)NCCNC(=O)C2CC2,-5.512,TRAIN_0185
n1[nH]ncc1[C@@H]2CN(C[C@H]2OC)Cc3c[nH]nc3-c4cccc(C)c4,-5.51,TRAIN_0186
O=C(O)c(c1)c(O)ccc1NC(=O)C2(C)CCN(CC2)Cc3ccccc3,-5.508,TRAIN_0187
CNC(=O)c1ccc(cc1)CN2CCOC[C@H]2c3ccccc3,-5.505,TRAIN_0188
c1cc(C)cc(c12)c(ccn2)N3CCC[C@H](C3)c4cc(n[nH]4)C(=O)N,-5.49,TRAIN_0189
Cc1c(Cl)cccc1NC(=O)CSc2[nH]ncn2,-5.489,TRAIN_0190
CC(C)Cc1noc(n1)CNc2ccc(cc2)-c3nnnn3C4CC4,-5.487,TRAIN_0191
Fc1cc(C#N)cc(F)c1S(=O)(=O)N(C)Cc(c2)nc(n23)CCCC3,-5.484,TRAIN_0192
Fc1ccc(cc1)[C@@H]2CC[C@H]2c3nc(no3)Cn(cn4)c(c45)cccc5,-5.483,TRAIN_0193
c1cccc(c12)[C@H](CN(C)C2)NC(=O)c3cccc(c3)CO,-5.482,TRAIN_0194
CCc1cccnc1C(=O)N(C2)C[C@@H]([C@@H]23)CN(C3)C(=O)COC4COC4,-5.48,TRAIN_0195
O=C(O)[C@@H]1C[C@H](C1)NC(=O)c(cn2)c(n23)c(Cl)ccc3,-5.466,TRAIN_0196
c1ccccc1-n(c2=O)nc(c(c23)cccc3)C(=O)N4CCC[C@@H]4CC5CCCC5,-5.466,TRAIN_0197
[nH]1ccnc1-c(ccc2C)cc2NC(=O)c(c(=O)o3)c(C)c(c34)cccc4,-5.463,TRAIN_0198
CC(C)Oc1ccc(cc1)CC(=O)N2CC[C@@H](C2)C3CCN(C)CC3,-5.454,TRAIN_0199
CCOc1ccc(cc1)C[C@@H](C(=O)N)CNC(=O)C2CCC2,-5.453,TRAIN_0200
C1CCCN([C@H]12)C(=O)[C@@H](C2)NC(=O)Nc3nnc(s3)COc4ccc(Cl)cc4,-5.45,TRAIN_0201
NC(=O)c1ccc(cc1)C(=O)Nc2ccccc2OCC(F)(F)F,-5.448,TRAIN_0202
C[C@@H]1CN(C[C@H](O1)C)Cc2ccc(cc2)C(=O)N3CC[C@@H](N)C3,-5.439,TRAIN_0203
Cc1nscc1C(=O)N2CC[C@H](C[C@H]2C)c3ccccc3,-5.438,TRAIN_0204
CCN1CN(CC1=O)C(=O)Nc2ccc(cc2C)-c3nc(no3)C4CC4,-5.438,TRAIN_0205
Cc1ccc(cc1)-c2ocnc2C(=O)Nc3cc([nH]n3)-c4ccncc4,-5.435,TRAIN_0206
Cc1ccc(c(F)c1)S(=O)(=O)Nc2ncn(n2)-c3ccc(C#N)cc3,-5.432,TRAIN_0207
c1ccccc1NC(=O)NCc(cc2Cl)cc(c23)OCCCO3,-5.425,TRAIN_0208
C1CC=CC[C@@H]1C(=O)Nc(cc2C)ccc2N3CCCC3=O,-5.418,TRAIN_0209
O=c1[n-]cc[nH+]c1N2CCC[C@H](C2)NCc3cc(F)ccc3F,-5.412,TRAIN_0210
Cc1cc(c(C#N)cn1)N2CC[C@H](C2)Oc3ccnc(c3)CN(C)C,-5.399,TRAIN_0211
O=C(O)c1cccnc1CN(C)Cc2ccccc2C(F)(F)F,-5.395,TRAIN_0212
c1nn(C)c(c12)ncnc2Oc3ccc(F)cc3F,-5.393,TRAIN_0213
CCC(CC)C(=O)N1CCN(CC1)Cc(n2)[nH]c(=O)c(c23)cnn3C,-5.392,TRAIN_0214
FC(F)S(=O)(=O)c1ccc(cc1)CN2CCC[C@H]2CO,-5.391,TRAIN_0215
COc1ccc(F)cc1C(=O)N2CCN(CC2)[C@]3(C(=O)O)CCOC3,-5.387,TRAIN_0216
CC(=O)N1C[C@H](O)C[C@@H]1c2nc(no2)-c3cc(F)c(F)c(F)c3,-5.384,TRAIN_0217
c1cc(F)ccc1NC(=O)CN2CCN(CC2)c3ccc(F)cc3,-5.381,TRAIN_0218
Cc1csc(n1)[C@H]2CN(CCO2)Cc(nc3N)nc(c34)cccc4,-5.38,TRAIN_0219
Fc1ncccc1Oc2nc(C)nc(c23)scc3-c4ccccc4,-5.378,TRAIN_0220
C1CC[C@@H](CN)c(c12)cc(cc2)C(=O)NC3(CCC3)c4nnc[nH]4,-5.373,TRAIN_0221
Cc1nn(c(C)c1Cl)CC(=O)NC2(C(=O)O)CCCC2,-5.367,TRAIN_0222
FC(F)(F)Sc(cc1)ccc1C(=O)Nc2ncccc2O,-5.36,TRAIN_0223
n1nncn1-c(cc2)ccc2NC(=O)c3c[nH]nc3-c4ccccc4Cl,-5.356,TRAIN_0224
CC(C)OCc1ccc(cc1)C(=O)Nc2nc(cs2)CN3CCOCC3,-5.356,TRAIN_0225
COc1ccc(cc1F)C(=O)NC2CCN(CC2)c3nccn3C,-5.356,TRAIN_0226
C1CCN1C(=O)N[C@H](CCC2)c(c23)sc(n3)-c4ccc(F)cc4,-5.356,TRAIN_0227
Cc1cc(no1)NC(=O)NCC2(CCCCC2)c(cc3)cc(c34)OCO4,-5.355,TRAIN_0228
COc1ccc(OC)c(c1)[C@H]2CCCN2C(=O)COc3cccc(Br)c3,-5.347,TRAIN_0229
O=C(O)c1cc(ccc1O)NC(=O)CCC2CCOCC2,-5.342,TRAIN_0230
CC(C)c1cc(cc(=O)[nH]1)C(=O)N(C[C@H]23)[C@@H](C2)[C@H]3c4ocnc4C(=O)N,-5.335,TRAIN_0231
COc1ccc(OC)c(c1)[C@@H](C)NS(=O)(=O)Cc2ccc(Br)cc2F,-5.33,TRAIN_0232
Cc1cc(C)c(c(C)c1)NCC(=O)N(C)CC(=O)NC2CC2,-5.326,TRAIN_0233
CNC[C@H]1CCN(C1)C(=O)c(c2)oc(c23)cc(C)c(c3)C,-5.325,TRAIN_0234
NC(=O)[C@@H]1CCCN(C1)c2ccc(cc2)C(=O)N[C@@H]3CCCCNC3=O,-5.32,TRAIN_0235
COc(cc1)cc(c12)nc(C)c(c2)C(=O)N3CCSCC3,-5.318,TRAIN_0236
C1CCCN1C(=O)CSc(n2)oc(c23)cccc3,-5.316,TRAIN_0237
o1cc(C(F)(F)F)cc1CC(=O)N2CC[C@H](C3CC3)[C@@H]2c4n[nH]c(=O)[nH]4,-5.309,TRAIN_0238
N#Cc1ccnc(c1)N2CCN(CC2)C(=O)C(=C3)COc(c34)cccc4,-5.301,TRAIN_0239
C[C@@H]1CN(C[C@H](O1)C)c2ccc(cn2)C(=O)NCc3cccnc3-n4cccn4,-5.298,TRAIN_0240
c1cccc(c12)N(CC2)C(=O)CN3CCN(CC3)Cc(n4)sc(c45)cccc5,-5.298,TRAIN_0241
COc1ccccc1[C@@H](C)NCc2nnc(n2C)C3CC3,-5.296,TRAIN_0242
CC(=O)OC1CCN(CC1)[C@H](c2ccccc2)C(=O)Nc3ccc(F)cc3,-5.292,TRAIN_0243
COc1ccc(F)cc1CNC[C@H](CC(=O)N2)c(c23)cccc3,-5.286,TRAIN_0244
COc1cc(F)cc(c1)C[C@@H](C)NC(=O)c2ccc(C(=O)O)c(n2)C,-5.282,TRAIN_0245
COc1ccc(cc1)[C@@H]2CN(CCO2)c(n3)[nH]c(c34)ccc(c4)S(=O)(=O)N,-5.275,TRAIN_0246
Cc1noc(n1)C2CCN(CC2)C(=O)c(cc3)cc(c34)[nH]c(=O)[nH]4,-5.273,TRAIN_0247
COc1cc(ccc1O)CNC(=O)NC(C)(C2)Cc(c23)cccc3,-5.266,TRAIN_0248
o1cccc1-c2nnc(n2C)SCc3coc(n3)-c4cccs4,-5.255,TRAIN_0249
OCCOC(CC1)CCN1C(=O)Nc2ccc(cc2)C(=O)N3CCCCCC3,-5.253,TRAIN_0250
Fc1cccc(F)c1[C@H](NC(=O)C)CC(=O)N2CC[C@H](C2)C(=O)O,-5.238,TRAIN_0251
c1c(C)nc(n12)sc(n2)N(CC)C[C@H]3CCCO3,-5.238,TRAIN_0252
CNS(=O)(=O)c(cc1)cc(c12)CCN2C(=O)CC(C3)CC3(F)F,-5.232,TRAIN_0253
C[C@H]1COCC[C@H]1NC(=O)NCCc(ccn2)c(c23)cccc3,-5.231,TRAIN_0254
C1CCCCC1(CCO)CNC(=O)c2cccc(c2)CN3CCCC3=O,-5.229,TRAIN_0255
s1cnnc1NC(=O)C2CCN(CC2)Cc(cc3=O)nc(n34)scc4,-5.226,TRAIN_0256
COc1cc(cc(c1)OC)NC(=O)CN(CC2)Cc(c23)ccs3,-5.224,TRAIN_0257
CCOc1ccc(cc1F)CN[C@@H]2C[C@H](C[C@H]2O)Cn3ccnc3,-5.223,TRAIN_0258
CC(C)c1ncc(cn1)NC(=O)COc2ccc([N+]([O-])=O)cc2,-5.212,TRAIN_0259
Cc1nc(n[nH]1)CNC(=O)[C@H](C2)C[C@]2(O)C3CCCCC3,-5.209,TRAIN_0260
n1cnc(C)cc1N(C2)[C@@H](C[C@@H]2OC)CNC(=O)c3cccnc3,-5.205,TRAIN_0261
s1cc(C)c(c12)c(nc(n2)C)N3CC[C@H]([C@H]3C)N(C)CCO,-5.204,TRAIN_0262
c1cccc(c12)n3c(n(C)c2=O)nnc3CN(C4=O)C(=O)NC45CCCCCC5,-5.201,TRAIN_0263
c1n[nH]c(c12)c(ccc2)NC(=O)C3CCCCCC3,-5.2,TRAIN_0264
C1CCCn(c12)c(nn2)-c(cc3)cc(c34)OCCO4,-5.199,TRAIN_0265
C1CCC[C@H]([C@H]12)N([C@H](C2)C(=O)O)C(=O)CCc3nc(no3)-c4cccs4,-5.187,TRAIN_0266
CC(C)Cc1ccccc1CNC(=O)c2cc(n(n2)C)C3CC3,-5.183,TRAIN_0267
COC(=O)c1cnc(s1)NC(=O)c2ccc(cc2)CN3CCOCC3,-5.18,TRAIN_0268
C1CCCCCC1(NC(=O)C)C(=O)N2CC[C@H](C2)NS(=O)(=O)C,-5.178,TRAIN_0269
C1CCCCCC1C(=O)Nc2cc(ccn2)N3CCNCC3,-5.17,TRAIN_0270
Cc1ccc(cc1)-c2noc(n2)Cn(cn3)c(c34)cccc4,-5.169,TRAIN_0271
CN(C)C(=O)c1ccc(Cl)c(c1)NC(=O)c(c2)oc(c23)cccc3,-5.168,TRAIN_0272
CC(C)COC1CCN(CC1)S(=O)(=O)c2ccc(Cl)s2,-5.166,TRAIN_0273
Cc1ccc(cc1)-c2nc(co2)CNC(=O)[C@@H]3CC(=O)N(C3)CC(C)C,-5.163,TRAIN_0274
CCOc1ccc(cc1)OCCSc2nc(N)cc(n2)N,-5.16,TRAIN_0275
CCOC(=O)c(s1)c(C)c(c12)c(N)nc(n2)CN(C)Cc3ccccc3,-5.145,TRAIN_0276
Cc1cc(C)c([nH]1)C(=O)N2CCC(CC2)[C@@H]3CC[C@@H](O3)C(=O)O,-5.143,TRAIN_0277
c1cccc(c12)N(CC(=O)N2)C(=O)CCc3nc(no3)-c4ccsc4,-5.137,TRAIN_0278
FC1(F)CCCN(C1)C(=O)c(n[nH]2)c(c23)nc[nH]c3=O,-5.137,TRAIN_0279
CCCN1CCC(CC1)NC(=O)NCCc2cccc(F)c2,-5.136,TRAIN_0280
C1CC1c(cs2)nc2NC(=O)N3CCC(CC3)CCCN4CCOCC4,-5.135,TRAIN_0281
O[C@@H]1CCC[C@H]1N(C)CC(=O)N[C@H](CCS2)c(c23)cccc3F,-5.135,TRAIN_0282
n1cc(F)ccc1C(=O)NC2CCN(CC2)c3ccccc3,-5.133,TRAIN_0283
COc1ccc(cc1)NC(=O)COC(=O)c(cc2)cc(c23)CCC(=O)N3,-5.13,TRAIN_0284
Cc1ccc(cc1)-c2noc(n2)[C@@H](C)N3CCN(CC3)Cc4cccnc4C,-5.127,TRAIN_0285
CC(C)c1[nH]ncc1C(=O)N2CC[C@H](C2)c3cc(=O)nc([nH]3)N(C)C,-5.123,TRAIN_0286
CCC(=C)CNC(=O)Cc1c(C)nn(c1C)-c2nc(C)cc(n2)C,-5.122,TRAIN_0287
CC(=O)N1CC[C@H](C1)OC(=O)c(c2)oc(c23)cc(C)c(c3)C,-5.119,TRAIN_0288
COc1c(F)cc(cc1F)NC(=O)Nc2ccc(O)cc2,-5.115,TRAIN_0289
CCCCn1nnnc1CSc2nnc(n2C)-c3ccoc3C,-5.115,TRAIN_0290
CCOCc1cc(ccc1OC)CN2C[C@H](F)C[C@H]2C(=O)N,-5.114,TRAIN_0291
Cc1noc(n1)[C@@H]2CCCN(C2)C(=O)c3cccc(c3)C(F)(F)F,-5.101,TRAIN_0292
C1CC1c(no2)cc2C(=O)N3CC=C(CC3)c(c[nH]4)c(c45)cccn5,-5.096,TRAIN_0293
COc1cc(Cl)c(cc1OC)NC(=O)c2cccc(c2)Nc3ncccn3,-5.094,TRAIN_0294
O=C(O)CN1CCN(CC1)C(=O)c(c2)sc(c23)ccs3,-5.092,TRAIN_0295
COc1cc(ccc1Cl)C(=O)NC[C@H]2CC[C@H](O2)c3ncn[nH]3,-5.088,TRAIN_0296
Cc1ccc(cc1)-c2nc(C#N)c(o2)NCc(cc3)cc(c34)OCO4,-5.086,TRAIN_0297
C1CCc(c12)cc(cc2)CNC(=O)c3cc(on3)-c4cccnc4,-5.086,TRAIN_0298
Cn1ncc(C2CCC2)c1C(=O)NCC3(CC3)c4ccccc4,-5.078,TRAIN_0299
c1cccc(c12)N(C)CCN(C2)C(=O)N[C@@H]3[C@H]([C@H]34)CNC4,-5.074,TRAIN_0300
Cc1nc(C(=O)N(C)C)nc(c1C)N2CC[C@H](C2)NCc(ccc3)c(n34)ccn4,-5.071,TRAIN_0301
CN(C)S(=O)(=O)c1cccc(c1)NC(=O)c(cs2)c(c23)CCCC3,-5.071,TRAIN_0302
Clc(c1)c(Cl)ccc1NC(=O)c2ccc(cc2)-n3cncn3,-5.059,TRAIN_0303
Cc1cc(C)c(o1)C(=O)N2C[C@@H](C(=O)O)[C@@H](C2)c3ccc(Cl)cc3,-5.055,TRAIN_0304
O=c1[nH]cccc1C(=O)Nc(cc2)cc(c23)C(=O)NC3,-5.055,TRAIN_0305
Fc1cccc(c12)n(C)c(C(=O)OCC)c2NC(=O)[C@@H]3CCC(=O)N3,-5.054,TRAIN_0306
CC(=O)Nc1ccc(cc1)-c2csc(n2)Nc3cccc(O)c3,-5.054,TRAIN_0307
COCc1nnc([nH]1)[C@H]2CN(C[C@@H]2C3CC3)C(=O)c4nccnc4C,-5.051,TRAIN_0308
c1ccc(OC)c(c12)CCN(C2)C(=O)Nc3cnc(nc3)C4CC4,-5.05,TRAIN_0309
C1COCCN1C(=O)[C@@H](C)NC(=O)c2cc[nH]c2C3CCC3,-5.049,TRAIN_0310
Cn1cccc1[C@H]2CCCCCN2C(=O)c(ccc3)c(c34)OCC(=O)N4,-5.04,TRAIN_0311
C[C@@H]1CN(C2CC2)C[C@@H]1NC(=O)c3c[nH]cc3-c4cnn(C)c4,-5.037,TRAIN_0312
O1COc(c12)cc(cc2)OCC(=O)Nc3ccccc3-c4ccccc4,-5.029,TRAIN_0313
Brc1ccc(cc1C)N2CC[C@H](C2=O)NC(=O)N,-5.028,TRAIN_0314
CC(C)c1ccc(cc1)OCC(=O)N2CCC(CC2)C(=O)O,-5.028,TRAIN_0315
Cc1cc(C)c(c(C)c1)CCNC(=O)NCc2ncnn2C,-5.021,TRAIN_0316
Cc1nc(C)c(s1)C(=O)Nc2ccc(C(=O)O)c(Cl)c2,-5.021,TRAIN_0317
c1ccccc1-c(cs2)nc2N(CC=C)C(=O)c3ccccc3S(=O)(=O)C,-5.019,TRAIN_0318
c1cccc(c12)nc(cn2)C(=O)NCC3(O)CCC(F)(F)CC3,-5.017,TRAIN_0319
N[C@@H]1CCN(C1)C(=O)c2ccn(n2)-c3cccc(Cl)c3,-5.015,TRAIN_0320
O1CCNC[C@@H]1CNC(=O)CNC(=O)CC23C[C@H]4C[C@@H](C3)C[C@H](C4)C2,-5.014,TRAIN_0321
O=C1NCCN1C(=O)Cn(nn2)c(=O)c(c23)cccc3,-5.014,TRAIN_0322
c1ccc(C)c(n12)nc(c2)COc3ccc(cc3)C(=O)N(C)C,-5.007,TRAIN_0323
Cc1ccc(s1)-c(cs2)c(c23)c(=O)[nH]c(n3)Cn4cnc(n4)C#N,-5.0,TRAIN_0324
CCCc1ccc(cc1)C(=O)N(C)Cc(c(n2)C)n(c23)cc(s3)C,-4.995,TRAIN_0325
Cc1oncc1CN2CCN(CC2)[C@H](C)c3nc(no3)-c4ccc(C)cc4,-4.99,TRAIN_0326
Cc1ccc(s1)CN[C@@H](C(=O)O)Cc2ccccc2,-4.98,TRAIN_0327
O=C(O)[C@H]1CC[C@@H](CC1)NC(=O)COc(ccc2Cl)c(c23)nccc3,-4.979,TRAIN_0328
CCc1cc([nH]n1)-c2nc(no2)C3(CCCC3)c4ccccc4F,-4.978,TRAIN_0329
COCc1nc(cs1)C(=O)N2CCN(CC2)c3nc(C)cs3,-4.977,TRAIN_0330
Cc1ccc(c(C)c1)CN(C)C(=O)c(cc2)cc(c23)OCO3,-4.97,TRAIN_0331
N#Cc(c1C)c(=O)n(nc1C)C[C@H](O)CN(CC2)Cc(c23)cccc3,-4.958,TRAIN_0332
OCC(CC1)CCN1C(=O)Nc2cc(F)ccc2OCC3CC3,-4.952,TRAIN_0333
CC(C)c1nnc(s1)NC(=O)c2cc(F)c(Cl)cc2Cl,-4.952,TRAIN_0334
Cc1cc(n(n1)C(C)(C)C)NC(=O)NCc(c2)nc(n23)ccc(c3)C,-4.95,TRAIN_0335
Fc1cccc(c12)[C@@H]([C@H](C)CC2)NCc3ccn[nH]3,-4.947,TRAIN_0336
Cc1ccc(cc1)-c2ocnc2C(=O)Nc3[nH+]cccc3[O-],-4.946,TRAIN_0337
Cc1noc(C)c1C(=O)N2CCC(CC2)c3nc(cs3)C(C)(C)C,-4.946,TRAIN_0338
OC[C@H]1C=C[C@H](C1)Nc(cc(n2)C(F)(F)F)n(c23)ncn3,-4.945,TRAIN_0339
CCc1[nH]c(nn1)CN2CCN(CC2)C(=O)OCC(C)C,-4.945,TRAIN_0340
Cc1[nH]nc(n1)[C@H]2OCC[C@H]2CNC(=O)Cc3c(Cl)cccc3F,-4.933,TRAIN_0341
c1ccccc1[C@@H](C)N(C)Cc2cn(nn2)CC(=O)N,-4.931,TRAIN_0342
Cc1cc(nc(n1)C)NS(=O)(=O)c2ccc(cc2)NC(=O)CCN(C3=O)C(=O)c(c34)cccc4,-4.931,TRAIN_0343
CC(C)(C)c1cccc(c1)C(=O)N[C@H](CC2)Cc(c23)[nH]nc3,-4.93,TRAIN_0344
CC(C)C[C@H](CO)NC(=O)c(cc1Cl)nc(c12)cccc2,-4.928,TRAIN_0345
Cc1ccc(cc1O)NC(=O)c(ncc2)c(c23)cccc3,-4.928,TRAIN_0346
COc1ccc(cc1F)CN2CCN(CC2)C(=O)c3cnns3,-4.92,TRAIN_0347
Cc1cc(no1)CN(C)C(=O)c2cc(C(C)C)n(n2)C(C)(C)C,-4.909,TRAIN_0348
c1ccccc1[C@H](c(nn2)[nH]c2C)NC(=O)c3cccc(n3)C,-4.9,TRAIN_0349
O=C(C1)N(C)CC[C@H]1C(=O)N(C)Cc2ccc(cc2)C(=O)O,-4.899,TRAIN_0350
CN(C1)C(=O)[C@@H]([C@@H]12)CCCN2C(=O)c3c[nH]nc3C4CC4,-4.899,TRAIN_0351
C1CCCCN1C(=O)c2cc(ccn2)N(C3)CC[C@]3(F)CO,-4.895,TRAIN_0352
Cc1occc1C(=O)NC2CCN(CC2)C(=O)C(C)(C)c3ccccc3C,-4.894,TRAIN_0353
Cc1ccc(cc1)CNC(=O)NC2CCN(CC2)C(=O)C(C)C,-4.894,TRAIN_0354
Cc1nonc1C(=O)NC[C@@H]2CCO[C@H]2c3ccnn3C,-4.893,TRAIN_0355
CCc1nc(cs1)CN(C)Cc2ccccc2C(=O)O,-4.889,TRAIN_0356
CCc(cc1)cc(c12)c(=O)nc([nH]2)COCC(F)(F)C(F)F,-4.879,TRAIN_0357
C1COCCN1[C@H]2CN(C[C@H]2C)C(=O)CCn(cn3)c(c34)cccc4,-4.878,TRAIN_0358
CCc1ncnc(c1F)N2CCN(CC2)Cc3ccncc3,-4.869,TRAIN_0359
Cc1ccc(cc1S(=O)(=O)N)C(=O)NC[C@H]2CCCO[C@H]2C(C)(C)C,-4.868,TRAIN_0360
C1CC1NC(=O)CNS(=O)(=O)c2ccc(F)c(c2)C(F)(F)F,-4.866,TRAIN_0361
Cc1noc(n1)COc2ccc(cc2)NC(=O)CC[C@@H]3CCNC3,-4.865,TRAIN_0362
C1COCCN1C[C@H](O)CNCc2cn[nH]c2-c3ccc(Cl)cc3,-4.865,TRAIN_0363
Cc1ccc(cc1)-n2cc(nn2)C(=O)N3CCC[C@H](C3)n4ccnc4,-4.863,TRAIN_0364
O=C(O)[C@H](C)CNC(=O)N1CCC(CC1)c2cccc(F)c2F,-4.859,TRAIN_0365
COc1cc(C)c(c(C)c1C)NC(=O)N(CC[C@H]23)C[C@H](S3(=O)=O)CC2,-4.858,TRAIN_0366
O=c1[n-][nH+]cc(c1Cl)NCc2ccccc2OC3CCCC3,-4.858,TRAIN_0367
COc1cc(ccn1)CNC(=O)c(s2)c(C)c(c23)c(=O)n(cn3)C,-4.846,TRAIN_0368
CCCc1[nH]nc(n1)SCc2ccc(s2)C(=O)OC,-4.84,TRAIN_0369
CCOC(=O)N1CCN(CC1)CC(=O)Nc2ccccn2,-4.839,TRAIN_0370
CC(C)c(cs1)c(c12)c(=O)[nH]c(n2)-c3ccncn3,-4.832,TRAIN_0371
C1CC1NC(=O)C2(CCC2)C(=O)NCc3cccc(c3)-n4ccnc4,-4.83,TRAIN_0372
c1cccc(c12)S[C@@H](C(=O)N2)Cc3nc(no3)Cc4ccccc4,-4.826,TRAIN_0373
O=C(O)CN(C(=O)C)C[C@@H]1CN(CCO1)C(=O)CC(F)(F)F,-4.822,TRAIN_0374
O=S1(=O)[C@H](C)CCN(CC1)Cc2cn[nH]c2C(C)(C)C,-4.822,TRAIN_0375
n1oc(C)cc1C(=O)N[C@H](C)c(cc2OC)ccc2OC3CCCC3,-4.819,TRAIN_0376
CC(=O)Nc1cccc(c1)NC(=O)COc2cc(C)cc(c2)C(C)C,-4.817,TRAIN_0377
Cn1cnnc1[C@H](C[C@H]2OC)N(C2)CC(=O)NCCC3=CCCCC3,-4.808,TRAIN_0378
Clc(c1)c(O)ccc1C(=O)N2CCC[C@@H]2c3ccccc3,-4.808,TRAIN_0379
Cc1nn(C)c(C)c1CC(=O)NCCN2CC=CCC2,-4.806,TRAIN_0380
COCCN1C[C@@H](CC1=O)C(=O)N2CCC(CC2)c3c[nH]nc3C,-4.804,TRAIN_0381
CCCOc1ccc(cc1)CNC(=O)CCN2C(=O)CCC2=O,-4.798,TRAIN_0382
CC(C)NC(=O)N1CCC[C@H](C1)c2nnc([nH]2)-c3ccccc3,-4.795,TRAIN_0383
Cc1cc(C)nn1CC(=O)N2C[C@@H]([C@H](C2)C3CC3)c4nc(n[nH]4)C(C)C,-4.793,TRAIN_0384
c1cnccc1CCNC(=O)c2cccc(c2)S(=O)(=O)NC3CC3,-4.785,TRAIN_0385
C1CC(=O)N(C)c(c12)ccc(c2)C(=O)N(C3)CC(C)(C)O[C@]34CCOC4,-4.783,TRAIN_0386
CC(C)(C)Nc1nnc(s1)SCc2nccn2C(F)F,-4.782,TRAIN_0387
COCc1ccccc1CNC(=O)N2CCCN(CC2)C(=O)C,-4.781,TRAIN_0388
O=S1(=O)C[C@@H](C)N(CC1)C(=O)c2ccc(cc2)OCC(=O)O,-4.778,TRAIN_0389
COc1cc(SC)ccc1C(=O)Nc2nc(C)cs2,-4.77,TRAIN_0390
CC(C)n1nccc1C(=O)NCC2CCN(CC(F)(F)F)CC2,-4.765,TRAIN_0391
Cc1cc(n[nH]1)NC(=O)c2cc(no2)-c3ccc(C)cc3,-4.763,TRAIN_0392
Cc1cccc(c1Br)NC(=O)N2CCOC[C@H]2C,-4.763,TRAIN_0393
Clc1cccc(c12)c(C)c(o2)C(=O)N3CC[C@H](C3)C(=O)O,-4.757,TRAIN_0394
Cc1c[nH]cc1C(=O)NC2CCN(CC2)C3CCC3,-4.752,TRAIN_0395
CN(C)C(=O)c1ccc(cc1)NC(=O)[C@H]2CC=CCC2,-4.751,TRAIN_0396
CC1(C)CCN(C1)CCNC(=O)N(C2)C[C@@H](COC3)[C@]23C(=O)O,-4.747,TRAIN_0397
OCC[C@H]1CCCCN1C(=O)NCc2nc(n[nH]2)-c3ccco3,-4.743,TRAIN_0398
CN1CCC[C@H]1c2nc(no2)-c3ccc(O)cc3,-4.743,TRAIN_0399
Cc1c(Cl)cccc1-n2ccnc2SC[C@H](O)CO,-4.74,TRAIN_0400
o1nc(C)c(c12)c(cc(n2)C(C)C)C(=O)N(CC3)Cc(c34)ccs4,-4.731,TRAIN_0401
Cc1nnc(o1)CCC(=O)N(C)[C@H](CC2)Cc(c23)cccc3,-4.726,TRAIN_0402
CC(C)(C)OC(=O)NCC1CCN(CC1)Cc(n2)oc(c23)cccc3,-4.724,TRAIN_0403
CN1CCO[C@@H](C1)CNC(=O)CCc2nc(no2)-c3cccnc3,-4.724,TRAIN_0404
Cc1nnc(o1)CC(=O)N2CCN(CC2)c3cccc(Cl)c3,-4.724,TRAIN_0405
CN=[S@](=O)(CC1)CC[C@]12CN(CCO2)C(=O)[C@H](C)c3ccc(F)c(F)c3,-4.722,TRAIN_0406
NC(=O)CN1CCC(CC1)NC(=O)Nc2cccnc2N3CCCC3,-4.722,TRAIN_0407
N[C@@H](C1)CCN1C(=O)[C@@H](CC)Nc2nnnn2-c3ccccc3,-4.721,TRAIN_0408
CC(=O)Nc1cccc(c1)Cn2nc(C)nc2C,-4.719,TRAIN_0409
Cc1cc(C)n(n1)-c(n2)n(C(C)C)c(c23)c(=O)[nH]c(=O)n3C,-4.712,TRAIN_0410
Cc1cccc(C)c1NC(=O)N[C@@H]2CC[C@H](CC2)Nc3ccccn3,-4.711,TRAIN_0411
Cn1cc(cn1)-c2cc(on2)CN(CC3)C[C@H](N34)CCC4,-4.701,TRAIN_0412
Cc1ccc(c(C)c1)NCC(=O)Nc2ccc(C)cc2Br,-4.701,TRAIN_0413
CC(C)N1CC[C@H](C1=O)Nc2ccccc2CN3CCC(CO)CC3,-4.697,TRAIN_0414
N1C[C@H](O)C[C@@H]1C(=O)NCCc(cc2)cc(c23)OCCO3,-4.687,TRAIN_0415
CC(=O)Nc1ccc(cc1Cl)NC(=O)[C@H](C2)CCS2(=O)=O,-4.685,TRAIN_0416
COc1nc(C)cc(C)c1CN(C2)C[C@@H](COC3)[C@]23c4nnc(o4)C,-4.684,TRAIN_0417
COc1ccccc1-c2noc(n2)-c3coc(n3)C4CCC4,-4.682,TRAIN_0418
CC(C)CCC1CCN(CC1)C(=O)c(n2)c(O)nc(c23)ncnc3,-4.673,TRAIN_0419
CC1(C)CN(C1(C)C)C(=O)NC[C@@]23[C@](C2)(C(F)(F)F)CNC3,-4.673,TRAIN_0420
CNC(=O)c1cccc(c1)C(=O)NCc2cn(nn2)-c3ccc(cc3)OC,-4.669,TRAIN_0421
CC(C)[C@H](N)C(=O)N1CCCN(CC1)CCCc2ccccc2,-4.666,TRAIN_0422
CCc1cc([nH]n1)NC(=O)c2cccc(n2)OCC(F)(F)F,-4.664,TRAIN_0423
c1cc(Cl)ccc1C(=O)N2CCN(CC2)S(=O)(=O)C3COC3,-4.65,TRAIN_0424
O=C(N1)CCC[C@@H]1C(=O)N(CCOC)C[C@H]2CC=CCC2,-4.647,TRAIN_0425
n1ccccc1CCNC(=O)N2CCO[C@@H](C2)Cc3ccccc3,-4.646,TRAIN_0426
Cc1ccccc1CCC(=O)N[C@H]2CNCC[C@H]2C,-4.642,TRAIN_0427
c1ccoc1-c2nnc(o2)CN3CCN(CC3)Cc(ccc4)c(c45)cccc5,-4.642,TRAIN_0428
CCOc1ccccc1C2CCN(CC2)C(=O)c3cnn(C)c3,-4.641,TRAIN_0429
COCc1ccc(cc1)S(=O)(=O)Cc2nc(n[nH]2)C3CC3,-4.641,TRAIN_0430
CC(C)c1ccccc1NC(=O)N(CCC2)[C@@H]([C@@H]23)CNC3=O,-4.637,TRAIN_0431
COc1ccsc1S(=O)(=O)N2CCN(C)[C@H](C2)c3ncc[nH]3,-4.636,TRAIN_0432
c1ccnc(c12)c(OC)ccc2NC(=O)N3CCOC[C@H]3CO,-4.628,TRAIN_0433
s1cccc1C[C@@H](C)NC(=O)N(CCS2(=O)=O)CCC2(C)C,-4.627,TRAIN_0434
CSCCC(=O)N1CCN(CC1)S(=O)(=O)c2ccc(C)cc2,-4.624,TRAIN_0435
N[C@H](C1)[C@@H]([C@@H]12)C[C@@H](C2)C(=O)NCc3[nH]ncc3Br,-4.624,TRAIN_0436
CCn1cc(cn1)[C@H]2OCC[C@@H]2C(=O)Nc3sc(C)nc3C,-4.622,TRAIN_0437
n1nc[nH]c1[C@H](C[C@H]2OC)N(C2)S(=O)(=O)Cc3cccc(F)c3,-4.618,TRAIN_0438
c1ccccc1C[C@H](C(=O)OCC)NC(=O)c2cn[nH]c2C,-4.614,TRAIN_0439
Clc1cccc(c1)-c2nc(co2)COn(nn3)c(c34)cccc4,-4.606,TRAIN_0440
n1cccn1C[C@H]2CCCN2c(ncn3)c(c34)ccs4,-4.598,TRAIN_0441
Clc(c1)c(Cl)ccc1C(C)(C)C(=O)N[C@@H](C2(C)C)CCC(=O)N2,-4.596,TRAIN_0442
COCC[C@@](C)(O)CNc(n1)[nH]c(=O)c(c12)cnn2-c3ccccc3,-4.592,TRAIN_0443
Cc1n[nH]cc1C(=O)N(C2)C[C@@H](CCC3)[C@]23c4nc(no4)C(C)C,-4.59,TRAIN_0444
CN(C)c1ncccc1O[C@H]2CCN(C2)CC(=O)NCC3CC3,-4.587,TRAIN_0445
CC[C@@H](C(=O)O)C(=O)N1CCC(CC1)CN2CCCCC2=O,-4.585,TRAIN_0446
FC(F)(F)[C@@]1(O)CCCN(C1)Cc2nc(no2)C3CCCC3,-4.584,TRAIN_0447
COc1cnc([nH]c1=O)C(C)(C)NC(=O)c2cc(C)cc(C)c2,-4.582,TRAIN_0448
c1ccc(F)c(c12)c(C)c(s2)C(=O)Nc3ncnn3C(C)(C)C,-4.578,TRAIN_0449
C[C@@H]1CN(C[C@H]1O)C(=O)CSc(nn2)n(c23)cccc3,-4.575,TRAIN_0450
Cc1nn(C)c(C)c1[C@H]2OCC[C@@H]2NC(=O)c3ccc[nH]c3=O,-4.574,TRAIN_0451
C1CCC1O[C@@H](C2)CCCN2C(=O)N[C@@H]3CCCN(C3)S(=O)(=O)C4CC4,-4.57,TRAIN_0452
O=C(O)C1CCN(CC1)S(=O)(=O)NC2(CC2)Cc3ccccc3,-4.568,TRAIN_0453
Cc1ccc(S(=O)(=O)N)cc1C(=O)NCc2ccc(cc2)CN3CCOCC3,-4.567,TRAIN_0454
CCn1cnnc1-c2cccc(c2)NC(=O)c3cnc(C)cn3,-4.559,TRAIN_0455
Cc1cc(N)n(n1)-c(ncn2)c(c23)c(cs3)-c4ccccc4,-4.557,TRAIN_0456
Cc1nc(oc1C)CN([C@@H]23)[C@H](CC2)C[C@@](C)(O)C3,-4.555,TRAIN_0457
CC(=O)Nc1cccc(c1C)NCc2nnc(o2)-c3ccccc3C,-4.531,TRAIN_0458
O=C(O)[C@H]1CCCN1C(=O)[C@@H](CO2)c(c23)cccc3,-4.531,TRAIN_0459
CCc1ccccc1CN2CCN(CC2)S(=O)(=O)c3ccc(o3)C(=O)N,-4.529,TRAIN_0460
CCCn1nnnc1CSc(n2)[nH]c(c23)ccc(c3)OC,-4.528,TRAIN_0461
FC(F)(F)[C@@H](O)[C@H](C(C)C)NC(=O)c1c[nH]nc1-c2cnn(C)c2,-4.523,TRAIN_0462
Cc1ccc(n1C)C(=O)N(C)C[C@H](CC2)Cn(c23)ccn3,-4.522,TRAIN_0463
CN(C)c1n[nH]c(n1)CNS(=O)(=O)c2ccc(Cl)s2,-4.516,TRAIN_0464
N[C@H]1CCN(C1)C(=O)c2ccccc2CS(=O)(=O)c3ccccc3,-4.515,TRAIN_0465
O1COc(c12)cc(cc2)[C@@H](C)NC(=O)CCCNC(=O)c3ccco3,-4.514,TRAIN_0466
Cc1ccc(cc1)[C@@H](N2CCCC2)CNC(=O)N3C[C@@H](C)[C@@H](C3)CO,-4.508,TRAIN_0467
Cc1c([N+]([O-])=O)cc(cc1C)S(=O)(=O)NCc2ccncc2,-4.506,TRAIN_0468
CN1CCO[C@H](C1)C(=O)N(CC2)Cc(c23)sc(Br)c3,-4.497,TRAIN_0469
CC1(C)NC(=O)N(C1=O)CCN(C2)CCC[C@@]23c4c(CO3)cccc4,-4.491,TRAIN_0470
n1cc(Br)ccc1N(CC)C(=O)c2cn(nn2)-c3ccc(F)cc3,-4.491,TRAIN_0471
COc1cc(C)c(cc1OC)NC(=O)[C@@H](C2)N(S(=O)(=O)C)Cc(c23)cccc3,-4.49,TRAIN_0472
C[C@@H]1CN(C[C@H](S1)C)C(=O)N[C@H](CC2)[C@H](N23)CCCC3,-4.488,TRAIN_0473
Cc(c1)cc(C)cc1[C@@H](N(CC)C(=O)C2CC2)c3cccnc3,-4.479,TRAIN_0474
CO[C@H]1C[C@H](N(C)C1)C(=O)Nc2cnn(c2)Cc3ccc(Cl)cc3,-4.477,TRAIN_0475
C1CNCCC1C(=O)N(C)Cc2ccccc2Cl,-4.474,TRAIN_0476
CCNS(=O)(=O)[C@@H]1CCN(C1)Cc2nccc(OC)c2OC,-4.469,TRAIN_0477
CC1(C)CNC(=O)CN1C(=O)[C@@H]2C[C@H]2C3CCOCC3,-4.463,TRAIN_0478
COc1cccc(c1)C(=O)N2CCO[C@@H](C2)CN(C(=O)C)CC(=O)O,-4.462,TRAIN_0479
CCC(CC)c1cc(on1)C(=O)Nc2ccc(cc2)CCC(=O)O,-4.462,TRAIN_0480
c1cccc(c12)N([C@H](CC)CC2)Cc3nnc(o3)-c4ccco4,-4.453,TRAIN_0481
Cn1cccc(c1=O)NS(=O)(=O)c2ccc(OC(F)F)c(Cl)c2,-4.448,TRAIN_0482
c1ccccc1C(c2ccccc2)C(=O)NCCCN3CCOCC3,-4.446,TRAIN_0483
CCNC(=O)c1ccc(cc1)Oc2ccc(F)cc2,-4.44,TRAIN_0484
C1CN(C)CCN1C[C@@H](C)CNS(=O)(=O)c2cccc(F)c2,-4.438,TRAIN_0485
CCS(=O)(=O)c1ccc(Cl)cc1C(=O)Nc2nnc(s2)C3CCC3,-4.436,TRAIN_0486
Cc1cc(C)c(c(=O)[nH]1)CNC(=O)[C@@H]2CCCN(C2)CC(F)(F)F,-4.434,TRAIN_0487
CNC(=O)c1ccc(OC)c(c1)NC(=O)N2CCC[C@@H]2Cn3cncn3,-4.426,TRAIN_0488
CCN(CC)S(=O)(=O)c1ccc(cc1)CNc2cncc(n2)C,-4.424,TRAIN_0489
Cn1ccc(cc1=O)C(=O)NC[C@H]2CCCN(C2)Cc3cccs3,-4.422,TRAIN_0490
COc1cc(nc(c1)C(=O)O)C(=O)N(C2CCC2)Cc3ccccc3,-4.416,TRAIN_0491
CC(C)c1nnc(s1)NC(=O)c2ccc(c(F)c2)N(C)C,-4.415,TRAIN_0492
c1cccc(c12)n(C)c(c2Cl)C(=O)N3CCOC[C@@H]3C(=O)O,-4.406,TRAIN_0493
COc1cc(ccc1F)C(=O)N[C@H]2CC[C@H](C2)Cc3nnc(o3)C,-4.396,TRAIN_0494
c1ccccc1NC(=O)c2nnc(s2)CN3CCC[C@@H]3C4CCC4,-4.395,TRAIN_0495
Cc1cc(no1)CS(=O)(=O)N(C2)CCOCC23CCCC3,-4.394,TRAIN_0496
CC[C@@H]1C(=O)NCCN1C(=O)CCc2cccc(Cl)c2Cl,-4.39,TRAIN_0497
Cc1ccc(cc1)-c2ocnc2C(=O)N(C)[C@@H]3CCNC3,-4.386,TRAIN_0498
FC(F)CN(CC)CCNC(=O)[C@H]1CCCN1C(=O)c2cc(Cl)ccc2Cl,-4.381,TRAIN_0499
Cc1ccc(C)c(c1)CC(=O)Nc2ccn(n2)CCS(=O)(=O)C,-4.375,TRAIN_0500
s1cccc1-c(on2)cc2C(=O)Nc(n3)sc(c34)CCCCC4,-4.372,TRAIN_0501
C1CCCCN1C(=O)Cc(c[nH]2)c(c23)cccn3,-4.364,TRAIN_0502
COc1cccc(c1)[C@H](C(=O)O)NC(=O)[C@@H]2CCO[C@H](C)C2,-4.361,TRAIN_0503
Brc1ccc(nc1C)NC(=O)C2(C#N)CCCC2,-4.358,TRAIN_0504
Cc1cc(F)c(cc1F)C(=O)N(CC2)C[C@H](N23)CCC3=O,-4.356,TRAIN_0505
N#Cc1ccc(Cl)c(c1)C(=O)N2CCC[C@@H]2C3CC3,-4.353,TRAIN_0506
C1COCCC1(CO)NC(=O)Cn2ccc(n2)C(F)(F)F,-4.352,TRAIN_0507
Cc1cncc(c1)CNC(=O)Nc2ccc(Br)c(n2)C,-4.344,TRAIN_0508
COc1ccc(c(c1)OC(F)F)CNC(=O)c2ccc(nc2)C(=O)O,-4.338,TRAIN_0509
Cc1cc(c(C#N)c(n1)C)N2CC[C@H](C2)N(C)Cc3ncccn3,-4.335,TRAIN_0510
C1CC1CN(CC(=O)O)S(=O)(=O)c2cccc(Cl)c2,-4.334,TRAIN_0511
O1CCCN(C[C@H]1C)c2ncccc2S(=O)(=O)C,-4.332,TRAIN_0512
c1cc(F)ccc1CCNC(=O)CSc2nnc(o2)-c3cccnc3,-4.33,TRAIN_0513
COc(cc1)cc(c12)OC[C@@H](C2)C(=O)NCc3noc(n3)C(C)(C)C,-4.324,TRAIN_0514
c1cc(C)ccc1[C@@H](CC(=O)OC)NS(=O)(=O)c(cc2)cc(c23)CC(=O)N3,-4.323,TRAIN_0515
C1NC[C@@H]([C@@H]12)[C@H]2NC(=O)N(CC)Cc3cccc(C)c3,-4.321,TRAIN_0516
COc1ccc(F)cc1CC(=O)N2CCCC[C@@H]2c3nnc(C)[nH]3,-4.318,TRAIN_0517
Cc1cc(no1)NC(=O)COC(=O)c2ccc(cc2)OC(C)C,-4.317,TRAIN_0518
O=C(O)CCCCC(=O)N(C1)C[C@@H]2[C@H](O3)CC[C@H]3[C@H]12,-4.316,TRAIN_0519
o1nc(C)c(c12)c(ncn2)N(C3CC3)Cc4ccc(F)cc4,-4.303,TRAIN_0520
COc1cc(cc(OC)c1C)C(=O)Nc2ccn(n2)CC(=O)O,-4.301,TRAIN_0521
n1cn(C)c(c12)c(ccc2)C(=O)NC3(CCCC3)c4nccs4,-4.3,TRAIN_0522
c1ccccc1-c(oc2C)c(c2C)C(=O)NC[C@]3(O)CCSC3,-4.296,TRAIN_0523
Cn1cc(cn1)C(=O)N(CCC(=O)O)Cc2cccc(F)c2F,-4.292,TRAIN_0524
c1ccc(C)c(c12)oc(c2)C(=O)N[C@]3(C)CCS(=O)(=O)C3,-4.291,TRAIN_0525
CCc1[nH]ccc1C(=O)N2CCC[C@H](C2)c3cc[nH]n3,-4.285,TRAIN_0526
CC(=O)N1CCN(CC1)CCCc2nc(no2)-c3ccccc3,-4.282,TRAIN_0527
COc1ccccc1-c2noc(n2)C34CCCN(C4)CCC3,-4.281,TRAIN_0528
Cc1ccc(nc1)N(C)C(=O)c2ccnc(c2)-n3cncn3,-4.278,TRAIN_0529
COc1ccccc1N2CCN(CC2)S(=O)(=O)c3ccc(Cl)cc3Cl,-4.277,TRAIN_0530
Cn1cc(cn1)O[C@@H]2CN(C[C@H]2O)CC3CCOCC3,-4.273,TRAIN_0531
FC(F)Oc(c1)c(Cl)ccc1NC(=O)c2cccnc2-n3cncn3,-4.27,TRAIN_0532
C1CCCN1C(=O)[C@H](C[C@@H]2OC)N(C2)Cc3ccccc3N(C)C,-4.263,TRAIN_0533
Cc1ccc(Cl)cc1CNc2ccc(cn2)C(=O)NC3CC3,-4.256,TRAIN_0534
COCC1(CCC1)C(=O)Nc2cccc(c2)CC(=O)N3CCN(C)CC3,-4.255,TRAIN_0535
Cn1cc(cn1)C(=O)NC2(CCOCC2)c3ccc(F)cc3F,-4.251,TRAIN_0536
O=C(O)[C@@H]1CCCN(C1)Cc(c2)c(Br)cc(c23)OCCO3,-4.239,TRAIN_0537
CC(C)c1cc([nH]n1)C(=O)NCC2(C(=O)O)CCC2,-4.234,TRAIN_0538
CNC(=O)CN1CCC(CC1)NC(=O)c2ccc(nc2)N(C)C,-4.232,TRAIN_0539
Cc1noc(n1)[C@@H]2CN(C[C@@H](O2)C)C(=O)N[C@H](C)C3(CC3)S(=O)(=O)C,-4.215,TRAIN_0540
CC(C)c1cc([nH]n1)NS(=O)(=O)c(cc2)cc(c23)CCO3,-4.207,TRAIN_0541
O=C(O)[C@@H](C)N1CCC(CC1)C(=O)Nc2ccc(Br)cn2,-4.207,TRAIN_0542
COCC1(O)CCN(CC1)C(=O)Cc(cc2)cc(c23)CCO3,-4.202,TRAIN_0543
O=C(O)CN(C1CC1)C(=O)c2ccc(Cl)cc2Cl,-4.202,TRAIN_0544
Cc1ccc(C)c(c1)[C@@H]2CN([C@H](C)CO2)C(=O)c3ccc(C)nn3,-4.197,TRAIN_0545
Cc1cccc(c1)-c2noc(n2)C[C@@H](S3(=O)=O)CNCC3,-4.188,TRAIN_0546
O=C(O)[C@@H]1CN(C[C@H]1C(F)(F)F)Cc(cc(Cl)c2)c(c23)nccc3,-4.184,TRAIN_0547
CC(C)N(C)C(=O)N[C@H](CC)c1ccccc1OC(F)F,-4.18,TRAIN_0548
C1CCCCN1S(=O)(=O)c2ccc(nc2)SCc3nnc(o3)-c4ccccc4,-4.178,TRAIN_0549
O=C(O)[C@H](C)CNC(=O)c(cc1)nc(c12)cc(Cl)cc2,-4.173,TRAIN_0550
Cc1ccoc1C(=O)N2C[C@H](O)C[C@@H]2c3cccc(c3)C(F)(F)F,-4.167,TRAIN_0551
COCc1nnc([nH]1)[C@H]2CN(C[C@@H]2C3CC3)Cc4cc(no4)OC,-4.167,TRAIN_0552
c1cccc(c12)c(OC)c(cn2)C(=O)N(C)[C@@H]3CCCCN(C)C3=O,-4.165,TRAIN_0553
CC(C)CCc1noc(n1)CN2C[C@@H](F)C[C@H]2CO,-4.16,TRAIN_0554
COc1ccc(cn1)NC(=O)c2cccc(c2)OCC(C)C,-4.159,TRAIN_0555
CC(C)c1n[nH]c(c1Br)C(=O)Nc2ccccc2F,-4.147,TRAIN_0556
CC[C@H]1CC[C@H](O1)C(=O)N[C@H]2C[C@H]2[C@H]3C[C@H]3C(=O)O,-4.14,TRAIN_0557
COc1ncccc1CN2CC[C@H](C2)S(=O)(=O)N,-4.137,TRAIN_0558
CCN1CCOC[C@@H]1C(=O)NCC2(CCC2)Cc3ccccc3,-4.134,TRAIN_0559
Cc1cc(no1)[C@H]2CCCN2C(=O)c3ccc(cc3)OCC(=O)N,-4.129,TRAIN_0560
COC[C@@H](CC)S(=O)(=O)NC1CCN(CC1)Cc2ccccn2,-4.124,TRAIN_0561
O=C(O)CC[C@H]1CCCN(C1)C(=O)c2ccccc2,-4.121,TRAIN_0562
CCc1ncnc(c1F)N2CCC(CC2)Oc3ncccc3F,-4.115,TRAIN_0563
C1OCC1(C)C(=O)N(C2)CCC[C@@]23CCS(=O)(=O)C3,-4.113,TRAIN_0564
s1cccc1CCCC(=O)Nc2nc(cs2)-c3ccccn3,-4.112,TRAIN_0565
Cc1ccc(s1)CN(C)C(=O)c2c[nH]nc2[C@H]3CCOC3,-4.1,TRAIN_0566
O1CCC[C@@H]1C(=O)Nc(cc2)cc(c23)OCCCO3,-4.095,TRAIN_0567
CCC(O)(CC)CNC(=O)C(=O)Nc1ncc(s1)-c2ccccc2,-4.095,TRAIN_0568
Cc1cc(no1)C(=O)N(C[C@@H]2C(=O)O)c(c23)cccc3,-4.09,TRAIN_0569
c1cc(F)ccc1O[C@@H](C(=O)O)CNS(=O)(=O)c2cccnc2,-4.085,TRAIN_0570
c1c(Cl)ccc(c12)n(CCC)c(n2)S[C@H](C)C(=O)NC3CC3,-4.075,TRAIN_0571
CCc(no1)c(c12)cc(cn2)S(=O)(=O)N[C@H](CCC3)c(n34)ncn4,-4.067,TRAIN_0572
Clc1ccc(Cl)cc1S(=O)(=O)NC[C@H](CC2)Cn(c23)ccn3,-4.058,TRAIN_0573
OCC(=O)N[C@@H]1CCCN(C1=O)c2ccc(Cl)cc2Cl,-4.054,TRAIN_0574
c1ncccc1[C@H](C)n2cc(nn2)CCS(=O)(=O)N(C)C,-4.048,TRAIN_0575
CS(=O)(=O)C[C@@H](C)Nc(cc1C)nc(n1)-c2ccncc2,-4.039,TRAIN_0576
CC(C)[C@H]1C[C@@H](CCO1)CC(=O)N2CCCN(CC2)C3CCCC3,-4.034,TRAIN_0577
CN(C)c1cccc(c1)C(=O)N2CCC[C@@H]2c3ccncc3,-4.026,TRAIN_0578
Cc1[nH]c(cn1)C(=O)N2CCO[C@@H](C2)C3CCC3,-4.025,TRAIN_0579
Cc1noc(n1)-c2cccnc2NCCN(C3(C)C)CCOC3,-4.025,TRAIN_0580
N#Cc1cccnc1N2CCC[C@@H]2Cn3cncn3,-4.023,TRAIN_0581
Cc1cc(c(o1)C)C(=O)Nc2cccc(C#N)c2,-4.005,TRAIN_0582
Cc1noc(C)c1[C@@H](C)CNC(=O)c2c(C)nn(C)c2C,-4.004,TRAIN_0583
Cc1nc(no1)Cn2cc(nn2)C(=O)N(c(c3[C@]45C)cccc3)[C@H]5CCCC4,-3.994,TRAIN_0584
C[C@@H]1CN(CCO1)c2ccccc2CN3CC[C@H](C3)C(=O)N,-3.994,TRAIN_0585
CS(=O)(=O)N1CCC[C@@H]1c2nc(no2)-c3ccc(F)c(F)c3,-3.981,TRAIN_0586
C1COCCC1(O)CCNC(=O)[C@H]2CCCCN2C3CCCC3,-3.981,TRAIN_0587
Cn(c1)ncc1[C@@H]2CN(C[C@H]2COCC)CC(=O)N3CCNC(=O)C3,-3.98,TRAIN_0588
Cn1cc(cn1)[C@@H]2OCC[C@H]2NC(=O)c(ncc3)c(c34)nccc4,-3.978,TRAIN_0589
Cc1cc(no1)NC(=O)COc2c(F)c(C)ccc2C(C)(C)C,-3.97,TRAIN_0590
Cc1nnccc1C(=O)N2C[C@@H]([C@H](C2)C3CC3)c4nc(n[nH]4)C5CC5,-3.97,TRAIN_0591
COc1ccc(Cl)c(c1)NS(=O)(=O)c2cccc(c2)S(=O)(=O)N,-3.954,TRAIN_0592
OCC(=O)N1CCC[C@@H]1c2nc(no2)-c3cccc(Br)c3,-3.947,TRAIN_0593
C1[C@@H](C2)C[C@@H](C3)C[C@H]1CC23C(=O)N[C@H]4CCCO[C@@H]4c5ccncc5,-3.939,TRAIN_0594
C1COC[C@H]([C@]12C(=O)N)CN(C2)C(=O)C3(C(F)(F)F)CCOCC3,-3.938,TRAIN_0595
C1CCCCC1[C@@H](C(=O)O)CNC(=O)[C@@H]2CCOC2,-3.935,TRAIN_0596
C[C@@H]1CCN(CCS1)C(=O)NCc2cccnc2OCC(F)F,-3.934,TRAIN_0597
C[C@@H](N)C(=O)N(CC1)CCC12C[C@H]2C(=O)N3CCCCC3,-3.934,TRAIN_0598
Cc1nsc(n1)N(C2)C[C@H](OC23CCC3)CNC(=O)[C@H]4CCCO4,-3.919,TRAIN_0599
n1cn(C)cc1[C@@H](C)NC[C@]2(CO)COC[C@@H](C)N2C,-3.918,TRAIN_0600
COC(=O)[C@@H](C)N1CCN(CC1)C(=O)CN2C(=O)CCC2=O,-3.912,TRAIN_0601
c1ccccc1[C@@H](CC)C(=O)N2CCC(CC2)c3nc(C)no3,-3.906,TRAIN_0602
n1oc(C)cc1NC(=O)[C@@H](CC)OC(=O)c(nn(C)c2=O)c(c23)cccc3,-3.904,TRAIN_0603
C[C@@H]1CN([C@H](C)CO1)C(=O)NCCc2csc(n2)C(C)(C)C,-3.894,TRAIN_0604
CN(C)c1ncccc1C(=O)Nc2ncccc2O,-3.892,TRAIN_0605
Cn1nccc1[C@@H]2[C@H](CCC(=O)N2CC)C(=O)N(C)Cc3ccco3,-3.892,TRAIN_0606
CO[C@@](C)(C(=O)O)C(=O)Nc1ccc(cc1)C(=O)NC2CCCCC2,-3.887,TRAIN_0607
